county,year,month,year_month_str,months_from_reform,n_total_hearings,n_felony_hearings,n_ror,n_hdob,n_hwob,pct_ror,pct_hdob,pct_hwob,pct_felony
Allegany,2016,1,2016-01,-10,71,10,21,36,14,29.577464788732396,50.70422535211268,19.718309859154928,14.084507042253522
Allegany,2016,2,2016-02,-9,91,14,21,54,16,23.076923076923077,59.34065934065934,17.582417582417584,15.384615384615385
Allegany,2016,3,2016-03,-8,72,5,20,37,15,27.77777777777778,51.388888888888886,20.833333333333332,6.944444444444445
Allegany,2016,4,2016-04,-7,85,11,26,47,12,30.58823529411765,55.294117647058826,14.117647058823529,12.941176470588236
Allegany,2016,5,2016-05,-6,96,8,27,52,17,28.125,54.166666666666664,17.708333333333332,8.333333333333334
Allegany,2016,6,2016-06,-5,81,11,29,45,7,35.80246913580247,55.55555555555556,8.641975308641975,13.580246913580247
Allegany,2016,7,2016-07,-4,79,14,20,48,11,25.31645569620253,60.75949367088607,13.924050632911392,17.72151898734177
Allegany,2016,8,2016-08,-3,86,9,28,48,10,32.55813953488372,55.81395348837209,11.627906976744185,10.465116279069768
Allegany,2016,9,2016-09,-2,85,8,28,45,12,32.94117647058823,52.94117647058823,14.117647058823529,9.411764705882353
Allegany,2016,10,2016-10,-1,81,9,27,41,13,33.333333333333336,50.617283950617285,16.049382716049383,11.11111111111111
Allegany,2016,11,2016-11,0,67,4,24,26,17,35.82089552238806,38.80597014925373,25.37313432835821,5.970149253731344
Allegany,2016,12,2016-12,1,72,11,28,25,19,38.888888888888886,34.72222222222222,26.38888888888889,15.277777777777779
Allegany,2017,1,2017-01,2,80,12,28,28,24,35.0,35.0,30.0,15.0
Allegany,2017,2,2017-02,3,101,11,28,54,19,27.722772277227723,53.46534653465346,18.81188118811881,10.891089108910892
Allegany,2017,3,2017-03,4,93,12,39,40,14,41.935483870967744,43.01075268817204,15.053763440860216,12.903225806451612
Allegany,2017,4,2017-04,5,89,10,35,37,17,39.325842696629216,41.57303370786517,19.10112359550562,11.235955056179776
Allegany,2017,5,2017-05,6,77,13,31,34,12,40.25974025974026,44.15584415584416,15.584415584415584,16.883116883116884
Allegany,2017,6,2017-06,7,90,10,39,35,16,43.333333333333336,38.888888888888886,17.77777777777778,11.11111111111111
Allegany,2017,7,2017-07,8,85,17,27,26,32,31.764705882352942,30.58823529411765,37.64705882352941,20.0
Allegany,2017,8,2017-08,9,79,17,25,23,31,31.645569620253166,29.11392405063291,39.24050632911393,21.518987341772153
Allegany,2017,9,2017-09,10,86,14,30,27,29,34.883720930232556,31.3953488372093,33.72093023255814,16.27906976744186
Allegany,2017,10,2017-10,11,93,3,49,17,27,52.68817204301075,18.27956989247312,29.032258064516128,3.225806451612903
Allegany,2017,11,2017-11,12,102,8,41,25,36,40.19607843137255,24.50980392156863,35.294117647058826,7.8431372549019605
Allegany,2017,12,2017-12,13,101,8,31,38,32,30.693069306930692,37.62376237623762,31.683168316831683,7.920792079207921
Allegany,2018,1,2018-01,14,142,10,63,27,52,44.36619718309859,19.014084507042252,36.61971830985915,7.042253521126761
Allegany,2018,2,2018-02,15,121,18,49,26,46,40.49586776859504,21.487603305785125,38.01652892561984,14.87603305785124
Allegany,2018,3,2018-03,16,142,6,54,34,54,38.028169014084504,23.943661971830984,38.028169014084504,4.225352112676056
Allegany,2018,4,2018-04,17,137,6,58,29,50,42.33576642335766,21.16788321167883,36.496350364963504,4.37956204379562
Allegany,2018,5,2018-05,18,189,13,80,37,72,42.32804232804233,19.576719576719576,38.095238095238095,6.878306878306878
Allegany,2018,6,2018-06,19,126,11,63,23,40,50.0,18.253968253968253,31.746031746031747,8.73015873015873
Allegany,2018,7,2018-07,20,141,11,43,30,68,30.49645390070922,21.27659574468085,48.226950354609926,7.801418439716312
Allegany,2018,8,2018-08,21,139,12,58,21,60,41.726618705035975,15.107913669064748,43.16546762589928,8.633093525179856
Allegany,2018,9,2018-09,22,160,26,62,34,64,38.75,21.25,40.0,16.25
Allegany,2018,10,2018-10,23,126,10,63,19,44,50.0,15.079365079365079,34.92063492063492,7.936507936507937
Allegany,2018,11,2018-11,24,106,13,39,18,49,36.79245283018868,16.9811320754717,46.22641509433962,12.264150943396226
Allegany,2018,12,2018-12,25,132,18,40,32,60,30.303030303030305,24.242424242424242,45.45454545454545,13.636363636363637
Anne Arundel,2016,1,2016-01,-10,399,40,237,122,40,59.3984962406015,30.576441102756892,10.025062656641603,10.025062656641603
Anne Arundel,2016,2,2016-02,-9,331,40,176,123,32,53.17220543806646,37.16012084592145,9.667673716012084,12.084592145015106
Anne Arundel,2016,3,2016-03,-8,401,37,243,130,28,60.598503740648376,32.418952618453865,6.982543640897756,9.226932668329177
Anne Arundel,2016,4,2016-04,-7,385,35,230,118,37,59.74025974025974,30.649350649350648,9.61038961038961,9.090909090909092
Anne Arundel,2016,5,2016-05,-6,405,66,222,153,30,54.81481481481482,37.77777777777778,7.407407407407407,16.296296296296298
Anne Arundel,2016,6,2016-06,-5,400,44,231,135,34,57.75,33.75,8.5,11.0
Anne Arundel,2016,7,2016-07,-4,407,49,224,147,36,55.03685503685504,36.11793611793612,8.845208845208845,12.039312039312039
Anne Arundel,2016,8,2016-08,-3,384,36,202,132,50,52.604166666666664,34.375,13.020833333333334,9.375
Anne Arundel,2016,9,2016-09,-2,392,57,225,131,36,57.39795918367347,33.41836734693877,9.183673469387756,14.540816326530612
Anne Arundel,2016,10,2016-10,-1,385,47,219,106,60,56.883116883116884,27.532467532467532,15.584415584415584,12.207792207792208
Anne Arundel,2016,11,2016-11,0,352,43,246,39,67,69.88636363636364,11.079545454545455,19.03409090909091,12.215909090909092
Anne Arundel,2016,12,2016-12,1,330,51,227,46,57,68.78787878787878,13.93939393939394,17.272727272727273,15.454545454545455
Anne Arundel,2017,1,2017-01,2,424,65,273,66,85,64.38679245283019,15.566037735849056,20.047169811320753,15.330188679245284
Anne Arundel,2017,2,2017-02,3,383,50,247,52,84,64.49086161879896,13.577023498694517,21.93211488250653,13.054830287206267
Anne Arundel,2017,3,2017-03,4,403,42,259,56,88,64.26799007444168,13.895781637717121,21.83622828784119,10.421836228287841
Anne Arundel,2017,4,2017-04,5,416,51,276,39,101,66.34615384615384,9.375,24.278846153846153,12.259615384615385
Anne Arundel,2017,5,2017-05,6,419,59,252,61,106,60.143198090692124,14.558472553699284,25.29832935560859,14.081145584725537
Anne Arundel,2017,6,2017-06,7,428,63,281,42,105,65.65420560747664,9.813084112149532,24.53271028037383,14.719626168224298
Anne Arundel,2017,7,2017-07,8,437,60,290,28,119,66.36155606407323,6.407322654462242,27.23112128146453,13.729977116704806
Anne Arundel,2017,8,2017-08,9,374,50,242,35,97,64.70588235294117,9.358288770053475,25.93582887700535,13.368983957219251
Anne Arundel,2017,9,2017-09,10,405,63,267,46,92,65.92592592592592,11.358024691358025,22.71604938271605,15.555555555555555
Anne Arundel,2017,10,2017-10,11,371,36,248,23,100,66.84636118598382,6.199460916442049,26.954177897574123,9.703504043126685
Anne Arundel,2017,11,2017-11,12,372,43,247,30,95,66.39784946236558,8.064516129032258,25.537634408602152,11.559139784946236
Anne Arundel,2017,12,2017-12,13,395,56,260,31,104,65.82278481012658,7.848101265822785,26.329113924050635,14.177215189873417
Anne Arundel,2018,1,2018-01,14,335,37,222,26,87,66.26865671641791,7.7611940298507465,25.970149253731343,11.044776119402986
Anne Arundel,2018,2,2018-02,15,326,40,211,18,97,64.7239263803681,5.521472392638037,29.754601226993866,12.269938650306749
Anne Arundel,2018,3,2018-03,16,356,45,221,33,102,62.07865168539326,9.269662921348315,28.651685393258425,12.640449438202246
Anne Arundel,2018,4,2018-04,17,370,33,248,24,98,67.02702702702703,6.486486486486487,26.486486486486488,8.91891891891892
Anne Arundel,2018,5,2018-05,18,438,38,290,39,109,66.21004566210046,8.904109589041095,24.885844748858446,8.67579908675799
Anne Arundel,2018,6,2018-06,19,397,49,245,32,120,61.712846347607055,8.060453400503778,30.22670025188917,12.34256926952141
Anne Arundel,2018,7,2018-07,20,449,42,302,41,106,67.26057906458797,9.131403118040089,23.608017817371937,9.35412026726058
Anne Arundel,2018,8,2018-08,21,355,31,239,30,86,67.32394366197182,8.450704225352112,24.225352112676056,8.732394366197184
Anne Arundel,2018,9,2018-09,22,380,41,251,20,109,66.05263157894737,5.2631578947368425,28.68421052631579,10.789473684210526
Anne Arundel,2018,10,2018-10,23,371,47,234,26,111,63.07277628032345,7.008086253369272,29.919137466307276,12.668463611859838
Anne Arundel,2018,11,2018-11,24,377,43,245,13,119,64.9867374005305,3.4482758620689653,31.56498673740053,11.405835543766578
Anne Arundel,2018,12,2018-12,25,358,46,222,19,117,62.01117318435754,5.307262569832402,32.68156424581006,12.849162011173185
Baltimore,2016,1,2016-01,-10,487,78,133,299,55,27.310061601642712,61.39630390143737,11.293634496919918,16.016427104722794
Baltimore,2016,2,2016-02,-9,557,83,157,348,52,28.186714542190305,62.47755834829444,9.335727109515261,14.901256732495511
Baltimore,2016,3,2016-03,-8,592,106,158,386,48,26.68918918918919,65.20270270270271,8.108108108108109,17.905405405405407
Baltimore,2016,4,2016-04,-7,597,113,155,390,52,25.963149078726968,65.32663316582915,8.710217755443885,18.927973199329983
Baltimore,2016,5,2016-05,-6,533,82,121,361,51,22.701688555347094,67.7298311444653,9.568480300187618,15.384615384615385
Baltimore,2016,6,2016-06,-5,626,93,173,401,52,27.635782747603834,64.05750798722045,8.30670926517572,14.856230031948881
Baltimore,2016,7,2016-07,-4,600,98,147,391,62,24.5,65.16666666666667,10.333333333333334,16.333333333333332
Baltimore,2016,8,2016-08,-3,601,94,137,378,86,22.795341098169718,62.89517470881864,14.309484193011647,15.640599001663894
Baltimore,2016,9,2016-09,-2,595,103,161,361,73,27.058823529411764,60.67226890756302,12.268907563025211,17.310924369747898
Baltimore,2016,10,2016-10,-1,554,94,134,348,72,24.187725631768952,62.81588447653429,12.99638989169675,16.967509025270758
Baltimore,2016,11,2016-11,0,505,80,200,184,121,39.603960396039604,36.43564356435643,23.96039603960396,15.841584158415841
Baltimore,2016,12,2016-12,1,463,69,174,179,110,37.58099352051836,38.66090712742981,23.758099352051836,14.902807775377969
Baltimore,2017,1,2017-01,2,606,78,212,192,202,34.98349834983498,31.683168316831683,33.333333333333336,12.871287128712872
Baltimore,2017,2,2017-02,3,568,73,210,190,168,36.971830985915496,33.45070422535211,29.577464788732396,12.852112676056338
Baltimore,2017,3,2017-03,4,582,86,199,199,184,34.192439862542955,34.192439862542955,31.61512027491409,14.776632302405499
Baltimore,2017,4,2017-04,5,582,97,213,188,181,36.597938144329895,32.302405498281786,31.099656357388316,16.666666666666668
Baltimore,2017,5,2017-05,6,586,107,200,197,189,34.129692832764505,33.617747440273035,32.25255972696246,18.25938566552901
Baltimore,2017,6,2017-06,7,569,84,194,203,172,34.09490333919157,35.67662565905097,30.22847100175747,14.76274165202109
Baltimore,2017,7,2017-07,8,597,99,231,184,182,38.69346733668342,30.820770519262982,30.485762144053602,16.582914572864322
Baltimore,2017,8,2017-08,9,644,101,209,219,216,32.453416149068325,34.006211180124225,33.54037267080745,15.683229813664596
Baltimore,2017,9,2017-09,10,591,86,202,181,208,34.179357021996616,30.62605752961083,35.19458544839255,14.551607445008461
Baltimore,2017,10,2017-10,11,500,53,180,158,162,36.0,31.6,32.4,10.6
Baltimore,2017,11,2017-11,12,511,66,169,164,178,33.07240704500978,32.093933463796475,34.833659491193735,12.915851272015656
Baltimore,2017,12,2017-12,13,549,62,205,157,187,37.34061930783242,28.59744990892532,34.06193078324226,11.293260473588342
Baltimore,2018,1,2018-01,14,517,64,183,147,187,35.39651837524178,28.433268858800773,36.170212765957444,12.379110251450676
Baltimore,2018,2,2018-02,15,490,67,181,142,167,36.93877551020408,28.979591836734695,34.08163265306123,13.673469387755102
Baltimore,2018,3,2018-03,16,544,63,203,160,181,37.31617647058823,29.41176470588235,33.27205882352941,11.580882352941176
Baltimore,2018,4,2018-04,17,585,73,244,165,176,41.70940170940171,28.205128205128204,30.085470085470085,12.478632478632479
Baltimore,2018,5,2018-05,18,572,68,217,171,184,37.93706293706294,29.895104895104897,32.16783216783217,11.888111888111888
Baltimore,2018,6,2018-06,19,598,78,206,164,228,34.448160535117054,27.4247491638796,38.12709030100334,13.043478260869565
Baltimore,2018,7,2018-07,20,574,80,195,158,221,33.97212543554007,27.526132404181183,38.501742160278745,13.937282229965156
Baltimore,2018,8,2018-08,21,495,53,183,131,181,36.96969696969697,26.464646464646464,36.56565656565657,10.707070707070708
Baltimore,2018,9,2018-09,22,524,75,193,156,175,36.83206106870229,29.770992366412212,33.396946564885496,14.312977099236642
Baltimore,2018,10,2018-10,23,538,74,186,158,194,34.572490706319705,29.36802973977695,36.059479553903344,13.754646840148698
Baltimore,2018,11,2018-11,24,545,60,184,158,203,33.76146788990825,28.990825688073393,37.24770642201835,11.009174311926605
Baltimore,2018,12,2018-12,25,595,62,211,172,212,35.46218487394958,28.907563025210084,35.63025210084034,10.420168067226891
Baltimore City,2016,1,2016-01,-10,1055,35,431,523,101,40.85308056872038,49.573459715639814,9.57345971563981,3.3175355450236967
Baltimore City,2016,2,2016-02,-9,1037,38,450,497,90,43.39440694310511,47.92671166827387,8.678881388621022,3.664416586306654
Baltimore City,2016,3,2016-03,-8,1163,37,495,566,102,42.562338779019775,48.66723989681857,8.770421324161651,3.181427343078246
Baltimore City,2016,4,2016-04,-7,1053,39,458,510,85,43.49477682811016,48.433048433048434,8.072174738841406,3.7037037037037037
Baltimore City,2016,5,2016-05,-6,1044,37,438,523,83,41.95402298850575,50.09578544061303,7.950191570881226,3.5440613026819925
Baltimore City,2016,6,2016-06,-5,1024,23,444,500,80,43.359375,48.828125,7.8125,2.24609375
Baltimore City,2016,7,2016-07,-4,1041,30,411,528,102,39.481268011527376,50.720461095100866,9.798270893371757,2.881844380403458
Baltimore City,2016,8,2016-08,-3,937,22,392,469,76,41.83564567769477,50.053361792956245,8.110992529348986,2.3479188900747063
Baltimore City,2016,9,2016-09,-2,960,22,443,452,65,46.145833333333336,47.083333333333336,6.770833333333333,2.2916666666666665
Baltimore City,2016,10,2016-10,-1,930,29,412,435,83,44.30107526881721,46.774193548387096,8.924731182795698,3.118279569892473
Baltimore City,2016,11,2016-11,0,875,15,428,361,86,48.91428571428571,41.25714285714286,9.82857142857143,1.7142857142857142
Baltimore City,2016,12,2016-12,1,696,16,318,305,73,45.689655172413794,43.82183908045977,10.488505747126437,2.2988505747126435
Baltimore City,2017,1,2017-01,2,1057,76,508,420,129,48.06054872280038,39.735099337748345,12.204351939451277,7.190160832544938
Baltimore City,2017,2,2017-02,3,1057,94,498,436,123,47.11447492904446,41.248817407757805,11.636707663197729,8.893093661305581
Baltimore City,2017,3,2017-03,4,950,58,468,363,119,49.26315789473684,38.21052631578947,12.526315789473685,6.105263157894737
Baltimore City,2017,4,2017-04,5,924,67,426,352,146,46.103896103896105,38.095238095238095,15.8008658008658,7.251082251082251
Baltimore City,2017,5,2017-05,6,931,68,451,318,162,48.442534908700324,34.15682062298604,17.40064446831364,7.303974221267454
Baltimore City,2017,6,2017-06,7,981,104,424,376,181,43.22120285423038,38.328236493374106,18.450560652395513,10.601427115188583
Baltimore City,2017,7,2017-07,8,925,87,442,244,239,47.78378378378378,26.37837837837838,25.83783783783784,9.405405405405405
Baltimore City,2017,8,2017-08,9,902,67,449,208,245,49.77827050997783,23.059866962305986,27.161862527716185,7.427937915742794
Baltimore City,2017,9,2017-09,10,855,72,420,175,260,49.12280701754386,20.46783625730994,30.4093567251462,8.421052631578947
Baltimore City,2017,10,2017-10,11,843,26,410,216,217,48.63582443653618,25.622775800711743,25.741399762752074,3.0842230130486357
Baltimore City,2017,11,2017-11,12,779,39,416,181,182,53.4017971758665,23.234916559691914,23.36328626444159,5.006418485237484
Baltimore City,2017,12,2017-12,13,853,41,428,178,247,50.175849941383355,20.867526377491206,28.95662368112544,4.8065650644783116
Baltimore City,2018,1,2018-01,14,908,47,434,190,284,47.797356828193834,20.92511013215859,31.277533039647576,5.176211453744493
Baltimore City,2018,2,2018-02,15,789,32,442,139,208,56.02027883396705,17.61723700887199,26.362484157160964,4.055766793409379
Baltimore City,2018,3,2018-03,16,856,45,438,184,234,51.16822429906542,21.49532710280374,27.33644859813084,5.257009345794392
Baltimore City,2018,4,2018-04,17,757,27,366,158,233,48.34874504623514,20.871862615587848,30.779392338177015,3.5667107001321003
Baltimore City,2018,5,2018-05,18,749,47,366,149,234,48.865153538050734,19.893190921228303,31.241655540720963,6.275033377837116
Baltimore City,2018,6,2018-06,19,762,49,375,150,237,49.21259842519685,19.68503937007874,31.10236220472441,6.430446194225722
Baltimore City,2018,7,2018-07,20,785,53,374,150,261,47.64331210191083,19.10828025477707,33.2484076433121,6.751592356687898
Baltimore City,2018,8,2018-08,21,784,35,354,170,260,45.1530612244898,21.683673469387756,33.16326530612245,4.464285714285714
Baltimore City,2018,9,2018-09,22,766,26,381,157,228,49.73890339425587,20.496083550913838,29.765013054830288,3.3942558746736293
Baltimore City,2018,10,2018-10,23,952,48,488,193,271,51.260504201680675,20.27310924369748,28.46638655462185,5.042016806722689
Baltimore City,2018,11,2018-11,24,744,41,325,187,232,43.68279569892473,25.134408602150536,31.182795698924732,5.510752688172043
Baltimore City,2018,12,2018-12,25,812,44,376,195,241,46.30541871921182,24.014778325123153,29.679802955665025,5.41871921182266
Calvert,2016,1,2016-01,-10,66,4,20,43,3,30.303030303030305,65.15151515151516,4.545454545454546,6.0606060606060606
Calvert,2016,2,2016-02,-9,61,3,10,49,2,16.39344262295082,80.32786885245902,3.278688524590164,4.918032786885246
Calvert,2016,3,2016-03,-8,88,15,17,66,5,19.318181818181817,75.0,5.681818181818182,17.045454545454547
Calvert,2016,4,2016-04,-7,85,9,30,50,5,35.294117647058826,58.8235294117647,5.882352941176471,10.588235294117647
Calvert,2016,5,2016-05,-6,97,13,29,63,5,29.896907216494846,64.94845360824742,5.154639175257732,13.402061855670103
Calvert,2016,6,2016-06,-5,74,6,22,48,4,29.72972972972973,64.86486486486487,5.405405405405405,8.108108108108109
Calvert,2016,7,2016-07,-4,96,3,31,62,3,32.291666666666664,64.58333333333333,3.125,3.125
Calvert,2016,8,2016-08,-3,73,5,16,53,4,21.91780821917808,72.6027397260274,5.47945205479452,6.8493150684931505
Calvert,2016,9,2016-09,-2,95,10,21,70,4,22.105263157894736,73.6842105263158,4.2105263157894735,10.526315789473685
Calvert,2016,10,2016-10,-1,79,9,16,61,2,20.253164556962027,77.21518987341773,2.5316455696202533,11.39240506329114
Calvert,2016,11,2016-11,0,71,3,35,32,4,49.29577464788732,45.070422535211264,5.633802816901408,4.225352112676056
Calvert,2016,12,2016-12,1,54,4,11,34,9,20.37037037037037,62.96296296296296,16.666666666666668,7.407407407407407
Calvert,2017,1,2017-01,2,75,6,22,43,10,29.333333333333332,57.333333333333336,13.333333333333334,8.0
Calvert,2017,2,2017-02,3,77,2,26,45,6,33.76623376623377,58.44155844155844,7.792207792207792,2.5974025974025974
Calvert,2017,3,2017-03,4,96,1,34,51,11,35.416666666666664,53.125,11.458333333333334,1.0416666666666667
Calvert,2017,4,2017-04,5,77,6,35,36,6,45.45454545454545,46.753246753246756,7.792207792207792,7.792207792207792
Calvert,2017,5,2017-05,6,87,4,35,41,11,40.229885057471265,47.12643678160919,12.64367816091954,4.597701149425287
Calvert,2017,6,2017-06,7,63,3,31,21,11,49.20634920634921,33.333333333333336,17.46031746031746,4.761904761904762
Calvert,2017,7,2017-07,8,72,3,47,13,12,65.27777777777777,18.055555555555557,16.666666666666668,4.166666666666667
Calvert,2017,8,2017-08,9,50,0,34,10,6,68.0,20.0,12.0,0.0
Calvert,2017,9,2017-09,10,60,3,34,12,14,56.666666666666664,20.0,23.333333333333332,5.0
Calvert,2017,10,2017-10,11,47,1,28,4,15,59.57446808510638,8.51063829787234,31.914893617021278,2.127659574468085
Calvert,2017,11,2017-11,12,49,1,34,4,11,69.38775510204081,8.16326530612245,22.448979591836736,2.0408163265306123
Calvert,2017,12,2017-12,13,45,1,35,5,5,77.77777777777777,11.11111111111111,11.11111111111111,2.2222222222222223
Calvert,2018,1,2018-01,14,50,2,31,4,15,62.0,8.0,30.0,4.0
Calvert,2018,2,2018-02,15,69,1,38,9,22,55.072463768115945,13.043478260869565,31.884057971014492,1.4492753623188406
Calvert,2018,3,2018-03,16,53,1,33,4,16,62.264150943396224,7.547169811320755,30.18867924528302,1.8867924528301887
Calvert,2018,4,2018-04,17,51,4,32,2,17,62.745098039215684,3.9215686274509802,33.333333333333336,7.8431372549019605
Calvert,2018,5,2018-05,18,52,3,25,9,18,48.07692307692308,17.307692307692307,34.61538461538461,5.769230769230769
Calvert,2018,6,2018-06,19,41,3,21,3,17,51.21951219512195,7.317073170731708,41.46341463414634,7.317073170731708
Calvert,2018,7,2018-07,20,60,4,43,1,16,71.66666666666667,1.6666666666666667,26.666666666666668,6.666666666666667
Calvert,2018,8,2018-08,21,61,1,32,9,20,52.459016393442624,14.754098360655737,32.78688524590164,1.639344262295082
Calvert,2018,9,2018-09,22,66,1,43,4,19,65.15151515151516,6.0606060606060606,28.78787878787879,1.5151515151515151
Calvert,2018,10,2018-10,23,55,3,35,5,15,63.63636363636363,9.090909090909092,27.272727272727273,5.454545454545454
Calvert,2018,11,2018-11,24,51,2,33,0,18,64.70588235294117,0.0,35.294117647058826,3.9215686274509802
Calvert,2018,12,2018-12,25,58,4,38,2,18,65.51724137931035,3.4482758620689653,31.03448275862069,6.896551724137931
Caroline,2016,1,2016-01,-10,22,3,11,8,3,50.0,36.36363636363637,13.636363636363637,13.636363636363637
Caroline,2016,2,2016-02,-9,17,2,4,11,2,23.529411764705884,64.70588235294117,11.764705882352942,11.764705882352942
Caroline,2016,3,2016-03,-8,32,6,9,17,6,28.125,53.125,18.75,18.75
Caroline,2016,4,2016-04,-7,32,1,7,20,5,21.875,62.5,15.625,3.125
Caroline,2016,5,2016-05,-6,41,3,15,24,2,36.58536585365854,58.53658536585366,4.878048780487805,7.317073170731708
Caroline,2016,6,2016-06,-5,32,3,9,20,3,28.125,62.5,9.375,9.375
Caroline,2016,7,2016-07,-4,25,2,6,16,3,24.0,64.0,12.0,8.0
Caroline,2016,8,2016-08,-3,30,3,7,18,5,23.333333333333332,60.0,16.666666666666668,10.0
Caroline,2016,9,2016-09,-2,24,1,11,9,4,45.833333333333336,37.5,16.666666666666668,4.166666666666667
Caroline,2016,10,2016-10,-1,29,5,10,14,5,34.48275862068966,48.275862068965516,17.24137931034483,17.24137931034483
Caroline,2016,11,2016-11,0,20,5,11,0,9,55.0,0.0,45.0,25.0
Caroline,2016,12,2016-12,1,14,2,5,0,9,35.714285714285715,0.0,64.28571428571429,14.285714285714286
Caroline,2017,1,2017-01,2,29,1,13,5,11,44.827586206896555,17.24137931034483,37.93103448275862,3.4482758620689653
Caroline,2017,2,2017-02,3,19,1,14,1,4,73.6842105263158,5.2631578947368425,21.05263157894737,5.2631578947368425
Caroline,2017,3,2017-03,4,40,2,17,7,16,42.5,17.5,40.0,5.0
Caroline,2017,4,2017-04,5,23,0,11,0,12,47.82608695652174,0.0,52.17391304347826,0.0
Caroline,2017,5,2017-05,6,34,0,19,5,10,55.88235294117647,14.705882352941176,29.41176470588235,0.0
Caroline,2017,6,2017-06,7,22,0,10,1,11,45.45454545454545,4.545454545454546,50.0,0.0
Caroline,2017,7,2017-07,8,20,0,10,1,9,50.0,5.0,45.0,0.0
Caroline,2017,8,2017-08,9,28,0,15,4,9,53.57142857142857,14.285714285714286,32.142857142857146,0.0
Caroline,2017,9,2017-09,10,30,1,14,6,10,46.666666666666664,20.0,33.333333333333336,3.3333333333333335
Caroline,2017,10,2017-10,11,21,0,9,4,8,42.857142857142854,19.047619047619047,38.095238095238095,0.0
Caroline,2017,11,2017-11,12,12,0,5,2,5,41.666666666666664,16.666666666666668,41.666666666666664,0.0
Caroline,2017,12,2017-12,13,22,0,12,2,8,54.54545454545455,9.090909090909092,36.36363636363637,0.0
Caroline,2018,1,2018-01,14,20,0,8,0,12,40.0,0.0,60.0,0.0
Caroline,2018,2,2018-02,15,26,0,12,0,14,46.15384615384615,0.0,53.84615384615385,0.0
Caroline,2018,3,2018-03,16,28,0,8,0,20,28.571428571428573,0.0,71.42857142857143,0.0
Caroline,2018,4,2018-04,17,42,0,18,2,22,42.857142857142854,4.761904761904762,52.38095238095238,0.0
Caroline,2018,5,2018-05,18,24,0,10,1,13,41.666666666666664,4.166666666666667,54.166666666666664,0.0
Caroline,2018,6,2018-06,19,35,0,18,2,15,51.42857142857143,5.714285714285714,42.857142857142854,0.0
Caroline,2018,7,2018-07,20,46,0,24,2,20,52.17391304347826,4.3478260869565215,43.47826086956522,0.0
Caroline,2018,8,2018-08,21,27,0,12,1,14,44.44444444444444,3.7037037037037037,51.851851851851855,0.0
Caroline,2018,9,2018-09,22,31,0,21,3,7,67.74193548387096,9.67741935483871,22.580645161290324,0.0
Caroline,2018,10,2018-10,23,39,0,20,0,19,51.282051282051285,0.0,48.717948717948715,0.0
Caroline,2018,11,2018-11,24,25,0,14,2,9,56.0,8.0,36.0,0.0
Caroline,2018,12,2018-12,25,25,0,14,0,11,56.0,0.0,44.0,0.0
Carroll,2016,1,2016-01,-10,65,10,21,36,8,32.30769230769231,55.38461538461539,12.307692307692308,15.384615384615385
Carroll,2016,2,2016-02,-9,49,0,10,33,6,20.408163265306122,67.34693877551021,12.244897959183673,0.0
Carroll,2016,3,2016-03,-8,78,6,27,40,11,34.61538461538461,51.282051282051285,14.102564102564102,7.6923076923076925
Carroll,2016,4,2016-04,-7,67,9,14,40,13,20.895522388059703,59.701492537313435,19.402985074626866,13.432835820895523
Carroll,2016,5,2016-05,-6,65,7,27,28,10,41.53846153846154,43.07692307692308,15.384615384615385,10.76923076923077
Carroll,2016,6,2016-06,-5,92,9,31,49,12,33.69565217391305,53.26086956521739,13.043478260869565,9.782608695652174
Carroll,2016,7,2016-07,-4,94,8,39,46,9,41.48936170212766,48.93617021276596,9.574468085106384,8.51063829787234
Carroll,2016,8,2016-08,-3,86,14,23,48,15,26.74418604651163,55.81395348837209,17.441860465116278,16.27906976744186
Carroll,2016,9,2016-09,-2,69,13,14,44,11,20.28985507246377,63.768115942028984,15.942028985507246,18.840579710144926
Carroll,2016,10,2016-10,-1,82,13,26,45,11,31.70731707317073,54.8780487804878,13.414634146341463,15.853658536585366
Carroll,2016,11,2016-11,0,71,10,37,19,15,52.11267605633803,26.760563380281692,21.12676056338028,14.084507042253522
Carroll,2016,12,2016-12,1,61,5,29,19,13,47.540983606557376,31.147540983606557,21.311475409836067,8.19672131147541
Carroll,2017,1,2017-01,2,69,9,37,14,18,53.6231884057971,20.28985507246377,26.08695652173913,13.043478260869565
Carroll,2017,2,2017-02,3,85,9,39,23,23,45.88235294117647,27.058823529411764,27.058823529411764,10.588235294117647
Carroll,2017,3,2017-03,4,70,12,16,28,26,22.857142857142858,40.0,37.142857142857146,17.142857142857142
Carroll,2017,4,2017-04,5,54,10,25,20,9,46.2962962962963,37.03703703703704,16.666666666666668,18.51851851851852
Carroll,2017,5,2017-05,6,76,9,39,16,21,51.31578947368421,21.05263157894737,27.63157894736842,11.842105263157896
Carroll,2017,6,2017-06,7,75,12,45,14,16,60.0,18.666666666666668,21.333333333333332,16.0
Carroll,2017,7,2017-07,8,83,14,34,28,21,40.963855421686745,33.734939759036145,25.301204819277107,16.867469879518072
Carroll,2017,8,2017-08,9,80,4,42,16,22,52.5,20.0,27.5,5.0
Carroll,2017,9,2017-09,10,52,6,24,11,17,46.15384615384615,21.153846153846153,32.69230769230769,11.538461538461538
Carroll,2017,10,2017-10,11,77,7,38,13,26,49.35064935064935,16.883116883116884,33.76623376623377,9.090909090909092
Carroll,2017,11,2017-11,12,57,8,22,17,18,38.59649122807018,29.82456140350877,31.57894736842105,14.035087719298245
Carroll,2017,12,2017-12,13,59,8,22,13,24,37.28813559322034,22.033898305084747,40.67796610169491,13.559322033898304
Carroll,2018,1,2018-01,14,64,10,20,22,22,31.25,34.375,34.375,15.625
Carroll,2018,2,2018-02,15,59,4,18,23,18,30.508474576271187,38.983050847457626,30.508474576271187,6.779661016949152
Carroll,2018,3,2018-03,16,58,2,21,19,18,36.206896551724135,32.758620689655174,31.03448275862069,3.4482758620689653
Carroll,2018,4,2018-04,17,68,6,37,9,22,54.411764705882355,13.235294117647058,32.35294117647059,8.823529411764707
Carroll,2018,5,2018-05,18,49,8,24,6,19,48.97959183673469,12.244897959183673,38.775510204081634,16.3265306122449
Carroll,2018,6,2018-06,19,45,5,23,9,13,51.111111111111114,20.0,28.88888888888889,11.11111111111111
Carroll,2018,7,2018-07,20,63,11,23,6,34,36.507936507936506,9.523809523809524,53.96825396825397,17.46031746031746
Carroll,2018,8,2018-08,21,66,11,18,12,36,27.272727272727273,18.181818181818183,54.54545454545455,16.666666666666668
Carroll,2018,9,2018-09,22,54,7,22,13,19,40.74074074074074,24.074074074074073,35.18518518518518,12.962962962962964
Carroll,2018,10,2018-10,23,57,6,24,13,20,42.10526315789474,22.80701754385965,35.08771929824562,10.526315789473685
Carroll,2018,11,2018-11,24,50,4,22,12,16,44.0,24.0,32.0,8.0
Carroll,2018,12,2018-12,25,70,6,28,16,26,40.0,22.857142857142858,37.142857142857146,8.571428571428571
Cecil,2016,1,2016-01,-10,117,0,27,64,26,23.076923076923077,54.7008547008547,22.22222222222222,0.0
Cecil,2016,2,2016-02,-9,89,0,13,54,22,14.606741573033707,60.674157303370784,24.719101123595507,0.0
Cecil,2016,3,2016-03,-8,106,0,15,64,27,14.150943396226415,60.37735849056604,25.471698113207548,0.0
Cecil,2016,4,2016-04,-7,100,0,12,67,21,12.0,67.0,21.0,0.0
Cecil,2016,5,2016-05,-6,110,0,15,60,35,13.636363636363637,54.54545454545455,31.818181818181817,0.0
Cecil,2016,6,2016-06,-5,116,0,20,69,27,17.24137931034483,59.48275862068966,23.275862068965516,0.0
Cecil,2016,7,2016-07,-4,98,0,22,54,22,22.448979591836736,55.10204081632653,22.448979591836736,0.0
Cecil,2016,8,2016-08,-3,89,0,15,45,29,16.853932584269664,50.561797752808985,32.58426966292135,0.0
Cecil,2016,9,2016-09,-2,90,0,22,51,17,24.444444444444443,56.666666666666664,18.88888888888889,0.0
Cecil,2016,10,2016-10,-1,73,0,13,34,26,17.80821917808219,46.57534246575342,35.61643835616438,0.0
Cecil,2016,11,2016-11,0,87,0,20,18,49,22.988505747126435,20.689655172413794,56.32183908045977,0.0
Cecil,2016,12,2016-12,1,56,0,17,13,26,30.357142857142858,23.214285714285715,46.42857142857143,0.0
Cecil,2017,1,2017-01,2,101,0,27,28,46,26.73267326732673,27.722772277227723,45.54455445544554,0.0
Cecil,2017,2,2017-02,3,86,0,23,26,37,26.74418604651163,30.232558139534884,43.02325581395349,0.0
Cecil,2017,3,2017-03,4,99,0,34,26,39,34.343434343434346,26.262626262626263,39.39393939393939,0.0
Cecil,2017,4,2017-04,5,78,0,18,28,32,23.076923076923077,35.8974358974359,41.02564102564103,0.0
Cecil,2017,5,2017-05,6,113,0,34,25,54,30.088495575221238,22.123893805309734,47.78761061946903,0.0
Cecil,2017,6,2017-06,7,103,0,31,23,49,30.097087378640776,22.33009708737864,47.57281553398058,0.0
Cecil,2017,7,2017-07,8,85,0,25,17,43,29.41176470588235,20.0,50.588235294117645,0.0
Cecil,2017,8,2017-08,9,117,0,30,33,54,25.641025641025642,28.205128205128204,46.15384615384615,0.0
Cecil,2017,9,2017-09,10,99,0,35,14,50,35.35353535353536,14.141414141414142,50.505050505050505,0.0
Cecil,2017,10,2017-10,11,99,0,29,14,56,29.292929292929294,14.141414141414142,56.56565656565657,0.0
Cecil,2017,11,2017-11,12,112,0,32,21,59,28.571428571428573,18.75,52.67857142857143,0.0
Cecil,2017,12,2017-12,13,88,0,23,14,51,26.136363636363637,15.909090909090908,57.95454545454545,0.0
Cecil,2018,1,2018-01,14,92,0,28,17,47,30.434782608695652,18.47826086956522,51.08695652173913,0.0
Cecil,2018,2,2018-02,15,95,0,26,18,51,27.36842105263158,18.94736842105263,53.68421052631579,0.0
Cecil,2018,3,2018-03,16,122,0,34,27,61,27.868852459016395,22.131147540983605,50.0,0.0
Cecil,2018,4,2018-04,17,84,0,20,19,45,23.80952380952381,22.61904761904762,53.57142857142857,0.0
Cecil,2018,5,2018-05,18,110,0,33,14,63,30.0,12.727272727272727,57.27272727272727,0.0
Cecil,2018,6,2018-06,19,94,0,21,17,56,22.340425531914892,18.085106382978722,59.57446808510638,0.0
Cecil,2018,7,2018-07,20,104,0,21,18,65,20.192307692307693,17.307692307692307,62.5,0.0
Cecil,2018,8,2018-08,21,117,0,33,17,67,28.205128205128204,14.52991452991453,57.26495726495727,0.0
Cecil,2018,9,2018-09,22,130,0,46,18,66,35.38461538461539,13.846153846153847,50.76923076923077,0.0
Cecil,2018,10,2018-10,23,134,0,40,21,73,29.850746268656717,15.671641791044776,54.47761194029851,0.0
Cecil,2018,11,2018-11,24,114,0,35,20,59,30.70175438596491,17.54385964912281,51.75438596491228,0.0
Cecil,2018,12,2018-12,25,97,0,38,12,47,39.175257731958766,12.371134020618557,48.45360824742268,0.0
Charles,2016,1,2016-01,-10,117,2,64,41,12,54.7008547008547,35.042735042735046,10.256410256410257,1.7094017094017093
Charles,2016,2,2016-02,-9,127,0,64,44,19,50.39370078740158,34.645669291338585,14.960629921259843,0.0
Charles,2016,3,2016-03,-8,144,2,68,63,13,47.22222222222222,43.75,9.027777777777779,1.3888888888888888
Charles,2016,4,2016-04,-7,117,0,52,52,13,44.44444444444444,44.44444444444444,11.11111111111111,0.0
Charles,2016,5,2016-05,-6,148,0,81,53,14,54.729729729729726,35.810810810810814,9.45945945945946,0.0
Charles,2016,6,2016-06,-5,127,0,64,43,20,50.39370078740158,33.85826771653543,15.748031496062993,0.0
Charles,2016,7,2016-07,-4,96,1,39,41,16,40.625,42.708333333333336,16.666666666666668,1.0416666666666667
Charles,2016,8,2016-08,-3,92,2,40,39,13,43.47826086956522,42.391304347826086,14.130434782608695,2.1739130434782608
Charles,2016,9,2016-09,-2,116,2,50,54,12,43.10344827586207,46.55172413793103,10.344827586206897,1.7241379310344827
Charles,2016,10,2016-10,-1,121,1,51,47,23,42.14876033057851,38.84297520661157,19.00826446280992,0.8264462809917356
Charles,2016,11,2016-11,0,110,0,53,40,17,48.18181818181818,36.36363636363637,15.454545454545455,0.0
Charles,2016,12,2016-12,1,103,0,41,39,23,39.80582524271845,37.86407766990291,22.33009708737864,0.0
Charles,2017,1,2017-01,2,115,0,43,50,22,37.391304347826086,43.47826086956522,19.130434782608695,0.0
Charles,2017,2,2017-02,3,120,1,54,46,20,45.0,38.333333333333336,16.666666666666668,0.8333333333333334
Charles,2017,3,2017-03,4,133,1,67,46,20,50.37593984962406,34.58646616541353,15.037593984962406,0.7518796992481203
Charles,2017,4,2017-04,5,102,2,42,39,21,41.1764705882353,38.23529411764706,20.58823529411765,1.9607843137254901
Charles,2017,5,2017-05,6,128,0,59,46,23,46.09375,35.9375,17.96875,0.0
Charles,2017,6,2017-06,7,124,0,56,30,38,45.16129032258065,24.193548387096776,30.64516129032258,0.0
Charles,2017,7,2017-07,8,121,1,64,20,37,52.892561983471076,16.52892561983471,30.578512396694215,0.8264462809917356
Charles,2017,8,2017-08,9,100,3,39,29,32,39.0,29.0,32.0,3.0
Charles,2017,9,2017-09,10,107,0,55,19,33,51.401869158878505,17.757009345794394,30.8411214953271,0.0
Charles,2017,10,2017-10,11,105,0,52,17,36,49.523809523809526,16.19047619047619,34.285714285714285,0.0
Charles,2017,11,2017-11,12,87,0,44,17,26,50.57471264367816,19.54022988505747,29.885057471264368,0.0
Charles,2017,12,2017-12,13,102,0,56,15,31,54.90196078431372,14.705882352941176,30.392156862745097,0.0
Charles,2018,1,2018-01,14,107,11,48,16,43,44.85981308411215,14.953271028037383,40.18691588785047,10.280373831775702
Charles,2018,2,2018-02,15,101,13,41,19,41,40.59405940594059,18.81188118811881,40.59405940594059,12.871287128712872
Charles,2018,3,2018-03,16,109,8,57,22,30,52.293577981651374,20.18348623853211,27.522935779816514,7.339449541284404
Charles,2018,4,2018-04,17,98,11,37,28,33,37.755102040816325,28.571428571428573,33.673469387755105,11.224489795918368
Charles,2018,5,2018-05,18,90,12,42,16,32,46.666666666666664,17.77777777777778,35.55555555555556,13.333333333333334
Charles,2018,6,2018-06,19,123,15,59,26,38,47.96747967479675,21.13821138211382,30.89430894308943,12.195121951219512
Charles,2018,7,2018-07,20,102,14,41,24,37,40.19607843137255,23.529411764705884,36.27450980392157,13.72549019607843
Charles,2018,8,2018-08,21,108,10,55,21,32,50.925925925925924,19.444444444444443,29.62962962962963,9.25925925925926
Charles,2018,9,2018-09,22,104,9,61,15,28,58.65384615384615,14.423076923076923,26.923076923076923,8.653846153846153
Charles,2018,10,2018-10,23,97,7,52,22,23,53.608247422680414,22.68041237113402,23.711340206185568,7.216494845360825
Charles,2018,11,2018-11,24,94,7,46,10,38,48.93617021276596,10.638297872340425,40.42553191489362,7.446808510638298
Charles,2018,12,2018-12,25,91,10,46,21,24,50.54945054945055,23.076923076923077,26.373626373626372,10.989010989010989
Dorchester,2016,1,2016-01,-10,41,2,3,35,3,7.317073170731708,85.36585365853658,7.317073170731708,4.878048780487805
Dorchester,2016,2,2016-02,-9,33,5,3,26,4,9.090909090909092,78.78787878787878,12.121212121212121,15.151515151515152
Dorchester,2016,3,2016-03,-8,49,6,7,34,8,14.285714285714286,69.38775510204081,16.3265306122449,12.244897959183673
Dorchester,2016,4,2016-04,-7,55,9,10,39,6,18.181818181818183,70.9090909090909,10.909090909090908,16.363636363636363
Dorchester,2016,5,2016-05,-6,67,17,8,57,2,11.940298507462687,85.07462686567165,2.985074626865672,25.37313432835821
Dorchester,2016,6,2016-06,-5,51,6,8,32,11,15.686274509803921,62.745098039215684,21.568627450980394,11.764705882352942
Dorchester,2016,7,2016-07,-4,66,9,7,55,4,10.606060606060606,83.33333333333333,6.0606060606060606,13.636363636363637
Dorchester,2016,8,2016-08,-3,52,12,9,37,6,17.307692307692307,71.15384615384616,11.538461538461538,23.076923076923077
Dorchester,2016,9,2016-09,-2,39,4,9,25,5,23.076923076923077,64.1025641025641,12.820512820512821,10.256410256410257
Dorchester,2016,10,2016-10,-1,45,4,10,29,6,22.22222222222222,64.44444444444444,13.333333333333334,8.88888888888889
Dorchester,2016,11,2016-11,0,43,6,12,23,8,27.906976744186046,53.48837209302326,18.6046511627907,13.953488372093023
Dorchester,2016,12,2016-12,1,33,7,16,8,9,48.484848484848484,24.242424242424242,27.272727272727273,21.21212121212121
Dorchester,2017,1,2017-01,2,41,7,15,4,22,36.58536585365854,9.75609756097561,53.65853658536585,17.073170731707318
Dorchester,2017,2,2017-02,3,35,2,17,7,11,48.57142857142857,20.0,31.428571428571427,5.714285714285714
Dorchester,2017,3,2017-03,4,31,3,10,8,13,32.25806451612903,25.806451612903224,41.935483870967744,9.67741935483871
Dorchester,2017,4,2017-04,5,45,5,16,18,11,35.55555555555556,40.0,24.444444444444443,11.11111111111111
Dorchester,2017,5,2017-05,6,26,8,3,14,9,11.538461538461538,53.84615384615385,34.61538461538461,30.76923076923077
Dorchester,2017,6,2017-06,7,36,4,15,13,8,41.666666666666664,36.111111111111114,22.22222222222222,11.11111111111111
Dorchester,2017,7,2017-07,8,32,10,9,14,9,28.125,43.75,28.125,31.25
Dorchester,2017,8,2017-08,9,27,3,9,10,8,33.333333333333336,37.03703703703704,29.62962962962963,11.11111111111111
Dorchester,2017,9,2017-09,10,50,6,13,11,26,26.0,22.0,52.0,12.0
Dorchester,2017,10,2017-10,11,31,5,17,6,8,54.83870967741935,19.35483870967742,25.806451612903224,16.129032258064516
Dorchester,2017,11,2017-11,12,41,4,20,6,15,48.78048780487805,14.634146341463415,36.58536585365854,9.75609756097561
Dorchester,2017,12,2017-12,13,26,3,9,5,12,34.61538461538461,19.23076923076923,46.15384615384615,11.538461538461538
Dorchester,2018,1,2018-01,14,44,2,16,9,19,36.36363636363637,20.454545454545453,43.18181818181818,4.545454545454546
Dorchester,2018,2,2018-02,15,41,4,22,6,13,53.65853658536585,14.634146341463415,31.70731707317073,9.75609756097561
Dorchester,2018,3,2018-03,16,45,8,19,7,19,42.22222222222222,15.555555555555555,42.22222222222222,17.77777777777778
Dorchester,2018,4,2018-04,17,38,4,14,4,20,36.8421052631579,10.526315789473685,52.63157894736842,10.526315789473685
Dorchester,2018,5,2018-05,18,34,4,13,5,16,38.23529411764706,14.705882352941176,47.05882352941177,11.764705882352942
Dorchester,2018,6,2018-06,19,47,9,15,11,21,31.914893617021278,23.404255319148938,44.680851063829785,19.148936170212767
Dorchester,2018,7,2018-07,20,41,4,11,10,20,26.829268292682926,24.390243902439025,48.78048780487805,9.75609756097561
Dorchester,2018,8,2018-08,21,46,6,8,6,32,17.391304347826086,13.043478260869565,69.56521739130434,13.043478260869565
Dorchester,2018,9,2018-09,22,35,4,12,5,18,34.285714285714285,14.285714285714286,51.42857142857143,11.428571428571429
Dorchester,2018,10,2018-10,23,48,2,7,10,31,14.583333333333334,20.833333333333332,64.58333333333333,4.166666666666667
Dorchester,2018,11,2018-11,24,40,5,8,7,25,20.0,17.5,62.5,12.5
Dorchester,2018,12,2018-12,25,36,4,4,6,26,11.11111111111111,16.666666666666668,72.22222222222223,11.11111111111111
Frederick,2016,1,2016-01,-10,129,9,56,57,16,43.41085271317829,44.18604651162791,12.4031007751938,6.976744186046512
Frederick,2016,2,2016-02,-9,134,10,55,60,19,41.04477611940298,44.776119402985074,14.17910447761194,7.462686567164179
Frederick,2016,3,2016-03,-8,127,8,48,68,11,37.79527559055118,53.54330708661417,8.661417322834646,6.299212598425197
Frederick,2016,4,2016-04,-7,159,23,66,72,21,41.509433962264154,45.283018867924525,13.20754716981132,14.465408805031446
Frederick,2016,5,2016-05,-6,165,14,72,79,14,43.63636363636363,47.878787878787875,8.484848484848484,8.484848484848484
Frederick,2016,6,2016-06,-5,160,16,77,67,16,48.125,41.875,10.0,10.0
Frederick,2016,7,2016-07,-4,133,12,71,49,13,53.38345864661654,36.8421052631579,9.774436090225564,9.022556390977444
Frederick,2016,8,2016-08,-3,158,20,68,81,9,43.037974683544306,51.265822784810126,5.69620253164557,12.658227848101266
Frederick,2016,9,2016-09,-2,127,10,54,58,15,42.51968503937008,45.669291338582674,11.811023622047244,7.874015748031496
Frederick,2016,10,2016-10,-1,127,11,57,54,16,44.881889763779526,42.51968503937008,12.598425196850394,8.661417322834646
Frederick,2016,11,2016-11,0,111,11,48,39,24,43.24324324324324,35.13513513513514,21.62162162162162,9.90990990990991
Frederick,2016,12,2016-12,1,83,3,33,31,19,39.75903614457831,37.34939759036145,22.89156626506024,3.6144578313253013
Frederick,2017,1,2017-01,2,133,9,42,54,37,31.57894736842105,40.6015037593985,27.81954887218045,6.7669172932330826
Frederick,2017,2,2017-02,3,154,12,55,63,36,35.714285714285715,40.90909090909091,23.376623376623378,7.792207792207792
Frederick,2017,3,2017-03,4,146,14,68,45,33,46.57534246575342,30.82191780821918,22.602739726027398,9.58904109589041
Frederick,2017,4,2017-04,5,132,12,65,42,25,49.24242424242424,31.818181818181817,18.939393939393938,9.090909090909092
Frederick,2017,5,2017-05,6,131,6,61,36,34,46.56488549618321,27.480916030534353,25.954198473282442,4.580152671755725
Frederick,2017,6,2017-06,7,133,9,65,33,35,48.87218045112782,24.81203007518797,26.31578947368421,6.7669172932330826
Frederick,2017,7,2017-07,8,120,8,67,31,22,55.833333333333336,25.833333333333332,18.333333333333332,6.666666666666667
Frederick,2017,8,2017-08,9,122,9,55,28,39,45.08196721311475,22.950819672131146,31.9672131147541,7.377049180327869
Frederick,2017,9,2017-09,10,117,10,68,21,28,58.11965811965812,17.94871794871795,23.931623931623932,8.547008547008547
Frederick,2017,10,2017-10,11,92,5,61,12,19,66.30434782608695,13.043478260869565,20.652173913043477,5.434782608695652
Frederick,2017,11,2017-11,12,151,8,112,2,37,74.17218543046357,1.3245033112582782,24.503311258278146,5.298013245033113
Frederick,2017,12,2017-12,13,148,6,104,8,36,70.27027027027027,5.405405405405405,24.324324324324323,4.054054054054054
Frederick,2018,1,2018-01,14,125,6,91,1,33,72.8,0.8,26.4,4.8
Frederick,2018,2,2018-02,15,110,8,81,3,26,73.63636363636364,2.727272727272727,23.636363636363637,7.2727272727272725
Frederick,2018,3,2018-03,16,131,10,86,0,45,65.64885496183206,0.0,34.35114503816794,7.633587786259542
Frederick,2018,4,2018-04,17,140,10,88,2,50,62.857142857142854,1.4285714285714286,35.714285714285715,7.142857142857143
Frederick,2018,5,2018-05,18,123,8,87,0,36,70.73170731707317,0.0,29.26829268292683,6.504065040650406
Frederick,2018,6,2018-06,19,120,13,91,1,28,75.83333333333333,0.8333333333333334,23.333333333333332,10.833333333333334
Frederick,2018,7,2018-07,20,143,5,107,1,35,74.82517482517483,0.6993006993006993,24.475524475524477,3.4965034965034967
Frederick,2018,8,2018-08,21,140,12,97,2,41,69.28571428571429,1.4285714285714286,29.285714285714285,8.571428571428571
Frederick,2018,9,2018-09,22,143,10,100,2,41,69.93006993006993,1.3986013986013985,28.67132867132867,6.993006993006993
Frederick,2018,10,2018-10,23,146,10,102,0,44,69.86301369863014,0.0,30.136986301369863,6.8493150684931505
Frederick,2018,11,2018-11,24,140,4,86,0,54,61.42857142857143,0.0,38.57142857142857,2.857142857142857
Frederick,2018,12,2018-12,25,105,9,72,0,33,68.57142857142857,0.0,31.428571428571427,8.571428571428571
Garrett,2016,1,2016-01,-10,16,2,7,9,0,43.75,56.25,0.0,12.5
Garrett,2016,2,2016-02,-9,28,1,7,17,4,25.0,60.714285714285715,14.285714285714286,3.5714285714285716
Garrett,2016,3,2016-03,-8,27,0,8,14,5,29.62962962962963,51.851851851851855,18.51851851851852,0.0
Garrett,2016,4,2016-04,-7,24,2,5,15,4,20.833333333333332,62.5,16.666666666666668,8.333333333333334
Garrett,2016,5,2016-05,-6,23,4,7,15,1,30.434782608695652,65.21739130434783,4.3478260869565215,17.391304347826086
Garrett,2016,6,2016-06,-5,16,0,8,6,2,50.0,37.5,12.5,0.0
Garrett,2016,7,2016-07,-4,18,3,5,12,1,27.77777777777778,66.66666666666667,5.555555555555555,16.666666666666668
Garrett,2016,8,2016-08,-3,21,4,7,13,1,33.333333333333336,61.904761904761905,4.761904761904762,19.047619047619047
Garrett,2016,9,2016-09,-2,18,2,2,14,2,11.11111111111111,77.77777777777777,11.11111111111111,11.11111111111111
Garrett,2016,10,2016-10,-1,20,1,4,8,8,20.0,40.0,40.0,5.0
Garrett,2016,11,2016-11,0,22,2,7,13,2,31.818181818181817,59.09090909090909,9.090909090909092,9.090909090909092
Garrett,2016,12,2016-12,1,13,5,3,5,5,23.076923076923077,38.46153846153846,38.46153846153846,38.46153846153846
Garrett,2017,1,2017-01,2,16,0,3,10,3,18.75,62.5,18.75,0.0
Garrett,2017,2,2017-02,3,10,1,1,7,2,10.0,70.0,20.0,10.0
Garrett,2017,3,2017-03,4,12,3,4,4,4,33.333333333333336,33.333333333333336,33.333333333333336,25.0
Garrett,2017,4,2017-04,5,14,0,7,5,2,50.0,35.714285714285715,14.285714285714286,0.0
Garrett,2017,5,2017-05,6,21,0,5,12,4,23.80952380952381,57.142857142857146,19.047619047619047,0.0
Garrett,2017,6,2017-06,7,16,0,4,6,6,25.0,37.5,37.5,0.0
Garrett,2017,7,2017-07,8,17,3,6,7,4,35.294117647058826,41.1764705882353,23.529411764705884,17.647058823529413
Garrett,2017,8,2017-08,9,30,5,8,17,5,26.666666666666668,56.666666666666664,16.666666666666668,16.666666666666668
Garrett,2017,9,2017-09,10,40,4,11,20,9,27.5,50.0,22.5,10.0
Garrett,2017,10,2017-10,11,21,5,1,12,8,4.761904761904762,57.142857142857146,38.095238095238095,23.80952380952381
Garrett,2017,11,2017-11,12,16,4,3,5,8,18.75,31.25,50.0,25.0
Garrett,2017,12,2017-12,13,19,3,4,5,10,21.05263157894737,26.31578947368421,52.63157894736842,15.789473684210526
Garrett,2018,1,2018-01,14,7,0,2,2,3,28.571428571428573,28.571428571428573,42.857142857142854,0.0
Garrett,2018,2,2018-02,15,13,1,5,5,3,38.46153846153846,38.46153846153846,23.076923076923077,7.6923076923076925
Garrett,2018,3,2018-03,16,19,2,11,2,6,57.89473684210526,10.526315789473685,31.57894736842105,10.526315789473685
Garrett,2018,4,2018-04,17,27,2,7,6,14,25.925925925925927,22.22222222222222,51.851851851851855,7.407407407407407
Garrett,2018,5,2018-05,18,19,0,8,5,6,42.10526315789474,26.31578947368421,31.57894736842105,0.0
Garrett,2018,6,2018-06,19,14,2,5,4,5,35.714285714285715,28.571428571428573,35.714285714285715,14.285714285714286
Garrett,2018,7,2018-07,20,31,1,19,8,4,61.29032258064516,25.806451612903224,12.903225806451612,3.225806451612903
Garrett,2018,8,2018-08,21,16,1,10,3,3,62.5,18.75,18.75,6.25
Garrett,2018,9,2018-09,22,25,4,6,7,12,24.0,28.0,48.0,16.0
Garrett,2018,10,2018-10,23,15,1,6,0,9,40.0,0.0,60.0,6.666666666666667
Garrett,2018,11,2018-11,24,17,3,7,3,7,41.1764705882353,17.647058823529413,41.1764705882353,17.647058823529413
Garrett,2018,12,2018-12,25,22,0,9,8,5,40.90909090909091,36.36363636363637,22.727272727272727,0.0
Harford,2016,1,2016-01,-10,126,13,61,51,14,48.41269841269841,40.476190476190474,11.11111111111111,10.317460317460318
Harford,2016,2,2016-02,-9,106,10,53,43,10,50.0,40.56603773584906,9.433962264150944,9.433962264150944
Harford,2016,3,2016-03,-8,148,17,74,56,18,50.0,37.83783783783784,12.162162162162161,11.486486486486486
Harford,2016,4,2016-04,-7,132,6,75,42,15,56.81818181818182,31.818181818181817,11.363636363636363,4.545454545454546
Harford,2016,5,2016-05,-6,134,16,64,54,16,47.76119402985075,40.298507462686565,11.940298507462687,11.940298507462687
Harford,2016,6,2016-06,-5,138,18,65,52,21,47.10144927536232,37.68115942028985,15.217391304347826,13.043478260869565
Harford,2016,7,2016-07,-4,113,10,53,42,18,46.902654867256636,37.16814159292036,15.929203539823009,8.849557522123893
Harford,2016,8,2016-08,-3,127,12,50,54,23,39.37007874015748,42.51968503937008,18.11023622047244,9.448818897637794
Harford,2016,9,2016-09,-2,142,16,82,42,18,57.74647887323944,29.577464788732396,12.67605633802817,11.267605633802816
Harford,2016,10,2016-10,-1,124,9,56,49,19,45.16129032258065,39.516129032258064,15.32258064516129,7.258064516129032
Harford,2016,11,2016-11,0,109,15,61,39,9,55.96330275229358,35.77981651376147,8.256880733944953,13.761467889908257
Harford,2016,12,2016-12,1,109,9,59,40,10,54.12844036697248,36.69724770642202,9.174311926605505,8.256880733944953
Harford,2017,1,2017-01,2,119,1,62,40,17,52.10084033613445,33.61344537815126,14.285714285714286,0.8403361344537815
Harford,2017,2,2017-02,3,111,0,49,42,20,44.14414414414414,37.83783783783784,18.01801801801802,0.0
Harford,2017,3,2017-03,4,141,2,77,42,22,54.60992907801418,29.78723404255319,15.602836879432624,1.4184397163120568
Harford,2017,4,2017-04,5,130,0,70,44,16,53.84615384615385,33.84615384615385,12.307692307692308,0.0
Harford,2017,5,2017-05,6,161,1,88,49,24,54.6583850931677,30.434782608695652,14.906832298136646,0.6211180124223602
Harford,2017,6,2017-06,7,125,4,71,40,14,56.8,32.0,11.2,3.2
Harford,2017,7,2017-07,8,133,0,69,39,25,51.8796992481203,29.32330827067669,18.796992481203006,0.0
Harford,2017,8,2017-08,9,135,2,64,46,25,47.407407407407405,34.074074074074076,18.51851851851852,1.4814814814814814
Harford,2017,9,2017-09,10,137,1,69,45,23,50.36496350364963,32.846715328467155,16.78832116788321,0.7299270072992701
Harford,2017,10,2017-10,11,137,0,78,33,26,56.934306569343065,24.087591240875913,18.978102189781023,0.0
Harford,2017,11,2017-11,12,109,4,52,33,24,47.706422018348626,30.275229357798164,22.01834862385321,3.669724770642202
Harford,2017,12,2017-12,13,111,0,65,28,18,58.55855855855856,25.225225225225227,16.216216216216218,0.0
Harford,2018,1,2018-01,14,128,4,55,42,31,42.96875,32.8125,24.21875,3.125
Harford,2018,2,2018-02,15,102,1,57,27,18,55.88235294117647,26.470588235294116,17.647058823529413,0.9803921568627451
Harford,2018,3,2018-03,16,107,0,55,28,24,51.401869158878505,26.16822429906542,22.429906542056074,0.0
Harford,2018,4,2018-04,17,94,1,61,20,13,64.8936170212766,21.27659574468085,13.829787234042554,1.0638297872340425
Harford,2018,5,2018-05,18,107,0,56,21,30,52.33644859813084,19.626168224299064,28.037383177570092,0.0
Harford,2018,6,2018-06,19,101,1,64,15,22,63.366336633663366,14.851485148514852,21.782178217821784,0.9900990099009901
Harford,2018,7,2018-07,20,119,3,46,33,40,38.65546218487395,27.73109243697479,33.61344537815126,2.5210084033613445
Harford,2018,8,2018-08,21,128,2,65,31,32,50.78125,24.21875,25.0,1.5625
Harford,2018,9,2018-09,22,155,0,85,41,29,54.83870967741935,26.451612903225808,18.70967741935484,0.0
Harford,2018,10,2018-10,23,123,2,70,34,19,56.91056910569106,27.642276422764226,15.447154471544716,1.6260162601626016
Harford,2018,11,2018-11,24,111,6,62,18,31,55.85585585585586,16.216216216216218,27.92792792792793,5.405405405405405
Harford,2018,12,2018-12,25,115,2,63,19,33,54.78260869565217,16.52173913043478,28.695652173913043,1.7391304347826086
Howard,2016,1,2016-01,-10,83,9,14,63,6,16.867469879518072,75.90361445783132,7.228915662650603,10.843373493975903
Howard,2016,2,2016-02,-9,122,9,19,92,11,15.573770491803279,75.40983606557377,9.01639344262295,7.377049180327869
Howard,2016,3,2016-03,-8,123,10,14,98,11,11.382113821138212,79.67479674796748,8.94308943089431,8.130081300813009
Howard,2016,4,2016-04,-7,118,18,18,92,8,15.254237288135593,77.96610169491525,6.779661016949152,15.254237288135593
Howard,2016,5,2016-05,-6,136,16,22,106,8,16.176470588235293,77.94117647058823,5.882352941176471,11.764705882352942
Howard,2016,6,2016-06,-5,134,24,21,99,14,15.671641791044776,73.88059701492537,10.447761194029852,17.91044776119403
Howard,2016,7,2016-07,-4,122,13,16,91,15,13.114754098360656,74.59016393442623,12.295081967213115,10.655737704918034
Howard,2016,8,2016-08,-3,127,28,10,98,19,7.874015748031496,77.16535433070867,14.960629921259843,22.04724409448819
Howard,2016,9,2016-09,-2,136,9,20,97,19,14.705882352941176,71.32352941176471,13.970588235294118,6.617647058823529
Howard,2016,10,2016-10,-1,145,21,18,113,14,12.413793103448276,77.93103448275862,9.655172413793103,14.482758620689655
Howard,2016,11,2016-11,0,109,11,26,68,15,23.853211009174313,62.38532110091743,13.761467889908257,10.091743119266056
Howard,2016,12,2016-12,1,101,11,20,60,21,19.801980198019802,59.40594059405941,20.792079207920793,10.891089108910892
Howard,2017,1,2017-01,2,109,8,28,59,22,25.68807339449541,54.12844036697248,20.18348623853211,7.339449541284404
Howard,2017,2,2017-02,3,112,9,31,62,19,27.678571428571427,55.357142857142854,16.964285714285715,8.035714285714286
Howard,2017,3,2017-03,4,143,17,46,72,25,32.16783216783217,50.34965034965035,17.482517482517483,11.888111888111888
Howard,2017,4,2017-04,5,134,25,32,83,19,23.880597014925375,61.940298507462686,14.17910447761194,18.65671641791045
Howard,2017,5,2017-05,6,126,14,40,68,18,31.746031746031747,53.96825396825397,14.285714285714286,11.11111111111111
Howard,2017,6,2017-06,7,154,23,33,93,28,21.428571428571427,60.38961038961039,18.181818181818183,14.935064935064934
Howard,2017,7,2017-07,8,149,20,40,81,28,26.845637583892618,54.36241610738255,18.79194630872483,13.422818791946309
Howard,2017,8,2017-08,9,124,14,43,51,30,34.67741935483871,41.12903225806452,24.193548387096776,11.290322580645162
Howard,2017,9,2017-09,10,118,22,35,66,17,29.661016949152543,55.932203389830505,14.40677966101695,18.64406779661017
Howard,2017,10,2017-10,11,128,13,45,51,32,35.15625,39.84375,25.0,10.15625
Howard,2017,11,2017-11,12,121,15,32,53,36,26.446280991735538,43.80165289256198,29.75206611570248,12.396694214876034
Howard,2017,12,2017-12,13,124,16,44,47,33,35.483870967741936,37.903225806451616,26.612903225806452,12.903225806451612
Howard,2018,1,2018-01,14,115,10,26,55,34,22.608695652173914,47.82608695652174,29.565217391304348,8.695652173913043
Howard,2018,2,2018-02,15,95,7,27,45,23,28.42105263157895,47.36842105263158,24.210526315789473,7.368421052631579
Howard,2018,3,2018-03,16,119,12,36,58,25,30.252100840336134,48.739495798319325,21.008403361344538,10.084033613445378
Howard,2018,4,2018-04,17,101,6,33,36,32,32.67326732673267,35.64356435643565,31.683168316831683,5.9405940594059405
Howard,2018,5,2018-05,18,80,6,42,13,25,52.5,16.25,31.25,7.5
Howard,2018,6,2018-06,19,78,8,31,20,27,39.743589743589745,25.641025641025642,34.61538461538461,10.256410256410257
Howard,2018,7,2018-07,20,78,6,29,23,26,37.17948717948718,29.487179487179485,33.333333333333336,7.6923076923076925
Howard,2018,8,2018-08,21,68,6,36,9,23,52.94117647058823,13.235294117647058,33.8235294117647,8.823529411764707
Howard,2018,9,2018-09,22,98,12,40,19,39,40.816326530612244,19.387755102040817,39.795918367346935,12.244897959183673
Howard,2018,10,2018-10,23,88,14,30,14,44,34.09090909090909,15.909090909090908,50.0,15.909090909090908
Howard,2018,11,2018-11,24,86,12,35,19,32,40.69767441860465,22.093023255813954,37.2093023255814,13.953488372093023
Howard,2018,12,2018-12,25,80,7,33,19,28,41.25,23.75,35.0,8.75
Kent,2016,1,2016-01,-10,12,1,2,9,1,16.666666666666668,75.0,8.333333333333334,8.333333333333334
Kent,2016,2,2016-02,-9,19,1,4,11,4,21.05263157894737,57.89473684210526,21.05263157894737,5.2631578947368425
Kent,2016,3,2016-03,-8,8,1,1,6,1,12.5,75.0,12.5,12.5
Kent,2016,4,2016-04,-7,9,1,2,7,0,22.22222222222222,77.77777777777777,0.0,11.11111111111111
Kent,2016,5,2016-05,-6,13,0,3,9,1,23.076923076923077,69.23076923076923,7.6923076923076925,0.0
Kent,2016,6,2016-06,-5,17,4,3,13,1,17.647058823529413,76.47058823529412,5.882352941176471,23.529411764705884
Kent,2016,7,2016-07,-4,12,2,4,7,1,33.333333333333336,58.333333333333336,8.333333333333334,16.666666666666668
Kent,2016,8,2016-08,-3,10,1,2,6,2,20.0,60.0,20.0,10.0
Kent,2016,9,2016-09,-2,13,1,2,9,2,15.384615384615385,69.23076923076923,15.384615384615385,7.6923076923076925
Kent,2016,10,2016-10,-1,13,5,0,11,2,0.0,84.61538461538461,15.384615384615385,38.46153846153846
Kent,2016,11,2016-11,0,6,0,2,1,3,33.333333333333336,16.666666666666668,50.0,0.0
Kent,2016,12,2016-12,1,13,1,2,1,10,15.384615384615385,7.6923076923076925,76.92307692307692,7.6923076923076925
Kent,2017,1,2017-01,2,13,2,4,3,6,30.76923076923077,23.076923076923077,46.15384615384615,15.384615384615385
Kent,2017,2,2017-02,3,4,0,2,0,2,50.0,0.0,50.0,0.0
Kent,2017,3,2017-03,4,7,0,3,3,1,42.857142857142854,42.857142857142854,14.285714285714286,0.0
Kent,2017,4,2017-04,5,5,0,2,2,1,40.0,40.0,20.0,0.0
Kent,2017,5,2017-05,6,18,2,4,8,6,22.22222222222222,44.44444444444444,33.333333333333336,11.11111111111111
Kent,2017,6,2017-06,7,16,2,5,6,5,31.25,37.5,31.25,12.5
Kent,2017,7,2017-07,8,9,2,1,2,6,11.11111111111111,22.22222222222222,66.66666666666667,22.22222222222222
Kent,2017,8,2017-08,9,11,5,5,3,3,45.45454545454545,27.272727272727273,27.272727272727273,45.45454545454545
Kent,2017,9,2017-09,10,10,3,5,2,3,50.0,20.0,30.0,30.0
Kent,2017,10,2017-10,11,8,0,3,0,5,37.5,0.0,62.5,0.0
Kent,2017,11,2017-11,12,9,0,3,2,4,33.333333333333336,22.22222222222222,44.44444444444444,0.0
Kent,2017,12,2017-12,13,10,0,4,3,3,40.0,30.0,30.0,0.0
Kent,2018,1,2018-01,14,7,1,3,2,2,42.857142857142854,28.571428571428573,28.571428571428573,14.285714285714286
Kent,2018,2,2018-02,15,12,0,5,4,3,41.666666666666664,33.333333333333336,25.0,0.0
Kent,2018,3,2018-03,16,12,0,5,0,7,41.666666666666664,0.0,58.333333333333336,0.0
Kent,2018,4,2018-04,17,8,2,3,1,4,37.5,12.5,50.0,25.0
Kent,2018,5,2018-05,18,11,1,5,2,4,45.45454545454545,18.181818181818183,36.36363636363637,9.090909090909092
Kent,2018,6,2018-06,19,17,0,4,0,13,23.529411764705884,0.0,76.47058823529412,0.0
Kent,2018,7,2018-07,20,15,0,6,2,7,40.0,13.333333333333334,46.666666666666664,0.0
Kent,2018,8,2018-08,21,11,1,6,0,5,54.54545454545455,0.0,45.45454545454545,9.090909090909092
Kent,2018,9,2018-09,22,8,0,2,3,3,25.0,37.5,37.5,0.0
Kent,2018,10,2018-10,23,6,0,1,1,4,16.666666666666668,16.666666666666668,66.66666666666667,0.0
Kent,2018,11,2018-11,24,10,0,4,1,5,40.0,10.0,50.0,0.0
Kent,2018,12,2018-12,25,7,1,1,1,5,14.285714285714286,14.285714285714286,71.42857142857143,14.285714285714286
Montgomery,2016,1,2016-01,-10,297,35,42,230,25,14.141414141414142,77.44107744107744,8.417508417508417,11.784511784511784
Montgomery,2016,2,2016-02,-9,296,31,50,219,27,16.89189189189189,73.98648648648648,9.121621621621621,10.472972972972974
Montgomery,2016,3,2016-03,-8,354,34,64,254,36,18.07909604519774,71.75141242937853,10.169491525423728,9.6045197740113
Montgomery,2016,4,2016-04,-7,320,25,54,239,27,16.875,74.6875,8.4375,7.8125
Montgomery,2016,5,2016-05,-6,336,33,80,224,32,23.80952380952381,66.66666666666667,9.523809523809524,9.821428571428571
Montgomery,2016,6,2016-06,-5,358,50,66,256,36,18.435754189944134,71.50837988826815,10.05586592178771,13.966480446927374
Montgomery,2016,7,2016-07,-4,341,41,55,247,39,16.129032258064516,72.43401759530792,11.436950146627566,12.023460410557185
Montgomery,2016,8,2016-08,-3,283,23,51,204,28,18.021201413427562,72.08480565371025,9.89399293286219,8.12720848056537
Montgomery,2016,9,2016-09,-2,340,32,64,242,34,18.823529411764707,71.17647058823529,10.0,9.411764705882353
Montgomery,2016,10,2016-10,-1,332,27,59,233,40,17.771084337349397,70.18072289156626,12.048192771084338,8.132530120481928
Montgomery,2016,11,2016-11,0,272,29,61,154,57,22.426470588235293,56.61764705882353,20.955882352941178,10.661764705882353
Montgomery,2016,12,2016-12,1,233,31,49,142,42,21.030042918454935,60.94420600858369,18.025751072961373,13.304721030042918
Montgomery,2017,1,2017-01,2,301,35,64,179,58,21.262458471760798,59.46843853820598,19.269102990033222,11.627906976744185
Montgomery,2017,2,2017-02,3,285,29,63,186,36,22.105263157894736,65.26315789473684,12.631578947368421,10.175438596491228
Montgomery,2017,3,2017-03,4,305,30,66,180,59,21.639344262295083,59.01639344262295,19.34426229508197,9.836065573770492
Montgomery,2017,4,2017-04,5,254,21,67,136,51,26.37795275590551,53.54330708661417,20.078740157480315,8.26771653543307
Montgomery,2017,5,2017-05,6,300,26,55,191,54,18.333333333333332,63.666666666666664,18.0,8.666666666666666
Montgomery,2017,6,2017-06,7,297,28,60,181,56,20.2020202020202,60.94276094276094,18.855218855218855,9.427609427609427
Montgomery,2017,7,2017-07,8,286,24,90,136,60,31.46853146853147,47.55244755244755,20.97902097902098,8.391608391608392
Montgomery,2017,8,2017-08,9,331,57,101,171,59,30.513595166163142,51.661631419939575,17.82477341389728,17.220543806646525
Montgomery,2017,9,2017-09,10,278,27,79,139,60,28.41726618705036,50.0,21.58273381294964,9.712230215827338
Montgomery,2017,10,2017-10,11,299,26,92,153,54,30.76923076923077,51.17056856187291,18.06020066889632,8.695652173913043
Montgomery,2017,11,2017-11,12,299,26,83,145,71,27.759197324414714,48.49498327759197,23.745819397993312,8.695652173913043
Montgomery,2017,12,2017-12,13,293,32,93,142,58,31.74061433447099,48.4641638225256,19.795221843003414,10.921501706484642
Montgomery,2018,1,2018-01,14,277,37,57,156,64,20.577617328519857,56.31768953068592,23.104693140794225,13.35740072202166
Montgomery,2018,2,2018-02,15,259,25,58,143,58,22.393822393822393,55.21235521235521,22.393822393822393,9.652509652509652
Montgomery,2018,3,2018-03,16,297,30,66,168,63,22.22222222222222,56.56565656565657,21.21212121212121,10.1010101010101
Montgomery,2018,4,2018-04,17,290,26,63,175,52,21.724137931034484,60.3448275862069,17.93103448275862,8.96551724137931
Montgomery,2018,5,2018-05,18,289,25,53,169,67,18.33910034602076,58.477508650519034,23.18339100346021,8.650519031141869
Montgomery,2018,6,2018-06,19,314,27,63,182,69,20.063694267515924,57.961783439490446,21.97452229299363,8.598726114649681
Montgomery,2018,7,2018-07,20,323,36,56,195,72,17.3374613003096,60.371517027863774,22.291021671826627,11.145510835913313
Montgomery,2018,8,2018-08,21,311,34,64,174,73,20.578778135048232,55.948553054662376,23.472668810289388,10.932475884244372
Montgomery,2018,9,2018-09,22,314,52,61,166,87,19.426751592356688,52.86624203821656,27.70700636942675,16.56050955414013
Montgomery,2018,10,2018-10,23,299,25,85,143,71,28.42809364548495,47.82608695652174,23.745819397993312,8.361204013377927
Montgomery,2018,11,2018-11,24,267,35,51,145,71,19.10112359550562,54.30711610486891,26.591760299625467,13.108614232209737
Montgomery,2018,12,2018-12,25,284,28,47,147,90,16.549295774647888,51.76056338028169,31.690140845070424,9.859154929577464
Prince George,2016,1,2016-01,-10,569,37,220,312,37,38.66432337434095,54.83304042179262,6.502636203866432,6.502636203866432
Prince George,2016,2,2016-02,-9,551,43,247,268,36,44.827586206896555,48.63883847549909,6.533575317604356,7.80399274047187
Prince George,2016,3,2016-03,-8,641,47,252,331,58,39.31357254290172,51.638065522620906,9.048361934477379,7.332293291731669
Prince George,2016,4,2016-04,-7,702,54,317,331,54,45.15669515669516,47.15099715099715,7.6923076923076925,7.6923076923076925
Prince George,2016,5,2016-05,-6,771,62,316,391,64,40.985732814526585,50.713359273670555,8.300907911802854,8.041504539559014
Prince George,2016,6,2016-06,-5,685,63,255,368,62,37.22627737226277,53.722627737226276,9.05109489051095,9.197080291970803
Prince George,2016,7,2016-07,-4,643,47,258,338,47,40.1244167962675,52.56609642301711,7.309486780715397,7.309486780715397
Prince George,2016,8,2016-08,-3,598,46,236,324,38,39.46488294314381,54.180602006688964,6.354515050167224,7.6923076923076925
Prince George,2016,9,2016-09,-2,533,53,211,278,44,39.587242026266416,52.15759849906191,8.25515947467167,9.943714821763603
Prince George,2016,10,2016-10,-1,605,49,241,303,61,39.83471074380165,50.082644628099175,10.082644628099173,8.099173553719009
Prince George,2016,11,2016-11,0,553,43,256,246,51,46.292947558770344,44.48462929475588,9.22242314647378,7.775768535262206
Prince George,2016,12,2016-12,1,485,40,208,228,49,42.88659793814433,47.01030927835052,10.103092783505154,8.24742268041237
Prince George,2017,1,2017-01,2,682,52,291,310,81,42.66862170087977,45.45454545454545,11.87683284457478,7.624633431085044
Prince George,2017,2,2017-02,3,619,53,266,284,69,42.972536348949916,45.880452342487885,11.147011308562197,8.562197092084006
Prince George,2017,3,2017-03,4,678,60,313,286,79,46.16519174041298,42.182890855457224,11.651917404129794,8.849557522123893
Prince George,2017,4,2017-04,5,664,42,297,294,73,44.7289156626506,44.27710843373494,10.993975903614459,6.325301204819277
Prince George,2017,5,2017-05,6,669,54,271,307,91,40.50822122571002,45.889387144992526,13.60239162929746,8.071748878923767
Prince George,2017,6,2017-06,7,664,55,315,290,59,47.43975903614458,43.674698795180724,8.885542168674698,8.283132530120483
Prince George,2017,7,2017-07,8,807,64,410,296,101,50.80545229244114,36.67905824039653,12.515489467162329,7.930607187112764
Prince George,2017,8,2017-08,9,619,35,309,240,70,49.919224555735056,38.77221324717286,11.308562197092083,5.654281098546042
Prince George,2017,9,2017-09,10,647,42,329,249,69,50.8500772797527,38.48531684698609,10.664605873261205,6.491499227202473
Prince George,2017,10,2017-10,11,647,36,321,235,91,49.61360123647604,36.321483771251934,14.064914992272024,5.564142194744977
Prince George,2017,11,2017-11,12,661,63,337,239,85,50.983358547655065,36.15733736762481,12.85930408472012,9.531013615733738
Prince George,2017,12,2017-12,13,641,49,295,261,85,46.02184087363494,40.71762870514821,13.260530421216849,7.644305772230889
Prince George,2018,1,2018-01,14,603,48,282,240,81,46.766169154228855,39.80099502487562,13.432835820895523,7.960199004975125
Prince George,2018,2,2018-02,15,578,48,265,214,99,45.8477508650519,37.0242214532872,17.1280276816609,8.304498269896193
Prince George,2018,3,2018-03,16,575,42,294,204,77,51.130434782608695,35.47826086956522,13.391304347826088,7.304347826086956
Prince George,2018,4,2018-04,17,596,45,292,205,99,48.993288590604024,34.395973154362416,16.610738255033556,7.550335570469799
Prince George,2018,5,2018-05,18,676,51,335,234,107,49.55621301775148,34.61538461538461,15.828402366863905,7.544378698224852
Prince George,2018,6,2018-06,19,608,53,293,209,106,48.19078947368421,34.375,17.43421052631579,8.717105263157896
Prince George,2018,7,2018-07,20,704,58,316,257,131,44.88636363636363,36.50568181818182,18.607954545454547,8.238636363636363
Prince George,2018,8,2018-08,21,629,41,317,205,107,50.39745627980922,32.591414944356124,17.01112877583466,6.518282988871224
Prince George,2018,9,2018-09,22,653,54,322,213,118,49.31087289433384,32.618683001531394,18.07044410413476,8.269525267993874
Prince George,2018,10,2018-10,23,644,50,337,195,112,52.32919254658385,30.279503105590063,17.391304347826086,7.763975155279503
Prince George,2018,11,2018-11,24,593,54,269,211,113,45.36256323777403,35.58178752107926,19.05564924114671,9.106239460370995
Prince George,2018,12,2018-12,25,655,65,329,218,108,50.229007633587784,33.282442748091604,16.48854961832061,9.923664122137405
Queen Anne,2016,1,2016-01,-10,26,1,6,19,1,23.076923076923077,73.07692307692308,3.8461538461538463,3.8461538461538463
Queen Anne,2016,2,2016-02,-9,29,4,4,20,5,13.793103448275861,68.96551724137932,17.24137931034483,13.793103448275861
Queen Anne,2016,3,2016-03,-8,43,3,5,34,4,11.627906976744185,79.06976744186046,9.30232558139535,6.976744186046512
Queen Anne,2016,4,2016-04,-7,23,1,1,21,1,4.3478260869565215,91.30434782608695,4.3478260869565215,4.3478260869565215
Queen Anne,2016,5,2016-05,-6,29,4,9,17,3,31.03448275862069,58.62068965517241,10.344827586206897,13.793103448275861
Queen Anne,2016,6,2016-06,-5,31,2,4,24,3,12.903225806451612,77.41935483870968,9.67741935483871,6.451612903225806
Queen Anne,2016,7,2016-07,-4,24,0,7,15,2,29.166666666666668,62.5,8.333333333333334,0.0
Queen Anne,2016,8,2016-08,-3,30,7,4,20,6,13.333333333333334,66.66666666666667,20.0,23.333333333333332
Queen Anne,2016,9,2016-09,-2,28,1,6,19,3,21.428571428571427,67.85714285714286,10.714285714285714,3.5714285714285716
Queen Anne,2016,10,2016-10,-1,22,2,10,8,4,45.45454545454545,36.36363636363637,18.181818181818183,9.090909090909092
Queen Anne,2016,11,2016-11,0,36,3,13,12,11,36.111111111111114,33.333333333333336,30.555555555555557,8.333333333333334
Queen Anne,2016,12,2016-12,1,23,7,5,3,15,21.73913043478261,13.043478260869565,65.21739130434783,30.434782608695652
Queen Anne,2017,1,2017-01,2,38,7,10,14,14,26.31578947368421,36.8421052631579,36.8421052631579,18.42105263157895
Queen Anne,2017,2,2017-02,3,34,5,8,14,12,23.529411764705884,41.1764705882353,35.294117647058826,14.705882352941176
Queen Anne,2017,3,2017-03,4,27,3,8,10,9,29.62962962962963,37.03703703703704,33.333333333333336,11.11111111111111
Queen Anne,2017,4,2017-04,5,33,4,7,15,11,21.21212121212121,45.45454545454545,33.333333333333336,12.121212121212121
Queen Anne,2017,5,2017-05,6,30,1,13,8,9,43.333333333333336,26.666666666666668,30.0,3.3333333333333335
Queen Anne,2017,6,2017-06,7,37,1,12,13,12,32.432432432432435,35.13513513513514,32.432432432432435,2.7027027027027026
Queen Anne,2017,7,2017-07,8,33,0,12,11,10,36.36363636363637,33.333333333333336,30.303030303030305,0.0
Queen Anne,2017,8,2017-08,9,30,2,11,4,15,36.666666666666664,13.333333333333334,50.0,6.666666666666667
Queen Anne,2017,9,2017-09,10,31,2,12,7,12,38.70967741935484,22.580645161290324,38.70967741935484,6.451612903225806
Queen Anne,2017,10,2017-10,11,31,4,8,6,17,25.806451612903224,19.35483870967742,54.83870967741935,12.903225806451612
Queen Anne,2017,11,2017-11,12,21,1,7,8,6,33.333333333333336,38.095238095238095,28.571428571428573,4.761904761904762
Queen Anne,2017,12,2017-12,13,36,1,7,9,20,19.444444444444443,25.0,55.55555555555556,2.7777777777777777
Queen Anne,2018,1,2018-01,14,22,3,4,1,17,18.181818181818183,4.545454545454546,77.27272727272727,13.636363636363637
Queen Anne,2018,2,2018-02,15,22,0,5,9,8,22.727272727272727,40.90909090909091,36.36363636363637,0.0
Queen Anne,2018,3,2018-03,16,37,4,6,9,22,16.216216216216218,24.324324324324323,59.45945945945946,10.81081081081081
Queen Anne,2018,4,2018-04,17,45,4,13,10,22,28.88888888888889,22.22222222222222,48.888888888888886,8.88888888888889
Queen Anne,2018,5,2018-05,18,29,1,6,9,14,20.689655172413794,31.03448275862069,48.275862068965516,3.4482758620689653
Queen Anne,2018,6,2018-06,19,31,4,8,9,14,25.806451612903224,29.032258064516128,45.16129032258065,12.903225806451612
Queen Anne,2018,7,2018-07,20,26,1,7,6,13,26.923076923076923,23.076923076923077,50.0,3.8461538461538463
Queen Anne,2018,8,2018-08,21,26,1,6,7,13,23.076923076923077,26.923076923076923,50.0,3.8461538461538463
Queen Anne,2018,9,2018-09,22,24,2,5,2,17,20.833333333333332,8.333333333333334,70.83333333333333,8.333333333333334
Queen Anne,2018,10,2018-10,23,32,3,4,5,23,12.5,15.625,71.875,9.375
Queen Anne,2018,11,2018-11,24,27,3,4,6,17,14.814814814814815,22.22222222222222,62.96296296296296,11.11111111111111
Queen Anne,2018,12,2018-12,25,24,4,2,5,17,8.333333333333334,20.833333333333332,70.83333333333333,16.666666666666668
STATEWIDE,2016,1,2016-01,-10,4147,338,1519,2212,416,36.628888353026284,53.33976368459127,10.031347962382446,8.150470219435737
STATEWIDE,2016,2,2016-02,-9,4092,340,1492,2187,413,36.4613880742913,53.44574780058651,10.09286412512219,8.308895405669599
STATEWIDE,2016,3,2016-03,-8,4712,405,1683,2567,462,35.717317487266556,54.47792869269949,9.804753820033955,8.595076400679117
STATEWIDE,2016,4,2016-04,-7,4568,410,1730,2398,440,37.87215411558669,52.49562171628722,9.632224168126095,8.975481611208407
STATEWIDE,2016,5,2016-05,-6,4781,441,1753,2574,454,36.66596946245555,53.83810918217946,9.495921355364986,9.224011713030746
STATEWIDE,2016,6,2016-06,-5,4884,428,1852,2571,461,37.91973791973792,52.64127764127764,9.43898443898444,8.763308763308764
STATEWIDE,2016,7,2016-07,-4,4737,418,1731,2531,475,36.542115262824574,53.43044120751531,10.027443529660122,8.824150306100908
STATEWIDE,2016,8,2016-08,-3,4430,396,1572,2370,488,35.48532731376975,53.49887133182844,11.015801354401805,8.939051918735892
STATEWIDE,2016,9,2016-09,-2,4344,400,1616,2290,438,37.20073664825046,52.71639042357275,10.082872928176796,9.208103130755065
STATEWIDE,2016,10,2016-10,-1,4203,375,1518,2143,542,36.11705924339757,50.9873899595527,12.895550797049726,8.922198429693076
STATEWIDE,2016,11,2016-11,0,3823,323,1699,1464,660,44.44153805911588,38.29453308919697,17.263928851687158,8.448862150143865
STATEWIDE,2016,12,2016-12,1,3285,305,1394,1278,613,42.435312024353124,38.9041095890411,18.660578386605785,9.284627092846272
STATEWIDE,2017,1,2017-01,2,4395,421,1839,1656,900,41.84300341296928,37.67918088737201,20.477815699658702,9.579067121729238
STATEWIDE,2017,2,2017-02,3,4222,391,1779,1646,797,42.1364282330649,38.98626243486499,18.87730933207011,9.261013737565134
STATEWIDE,2017,3,2017-03,4,4391,387,1926,1587,878,43.862445912092916,36.14210885902983,19.995445228877248,8.813482122523343
STATEWIDE,2017,4,2017-04,5,4191,397,1828,1518,845,43.6172751133381,36.22047244094488,20.162252445717012,9.47267955141971
STATEWIDE,2017,5,2017-05,6,4489,420,1926,1594,969,42.90487859211406,35.509022053909554,21.586099353976387,9.356204054355091
STATEWIDE,2017,6,2017-06,7,4636,469,2116,1550,970,45.6427955133736,33.433994823123385,20.92320966350302,10.116479723899914
STATEWIDE,2017,7,2017-07,8,4744,478,2328,1300,1116,49.07251264755481,27.403035413153457,23.524451939291737,10.075885328836424
STATEWIDE,2017,8,2017-08,9,4431,435,1991,1294,1146,44.93342360640939,29.20334010381404,25.863236289776573,9.81719702098849
STATEWIDE,2017,9,2017-09,10,4251,401,2002,1136,1113,47.09480122324159,26.723123970830393,26.182074805928018,9.43307457068925
STATEWIDE,2017,10,2017-10,11,3984,261,1912,1040,1032,47.99196787148595,26.104417670682732,25.903614457831324,6.551204819277109
STATEWIDE,2017,11,2017-11,12,3866,318,1845,1001,1020,47.723745473357475,25.892395240558717,26.38385928608381,8.225556130367305
STATEWIDE,2017,12,2017-12,13,3964,318,1861,1010,1093,46.94752774974773,25.479313824419776,27.573158425832492,8.022199798183653
STATEWIDE,2018,1,2018-01,14,3925,315,1755,1003,1167,44.71337579617835,25.554140127388536,29.73248407643312,8.02547770700637
STATEWIDE,2018,2,2018-02,15,3653,295,1719,893,1041,47.05721324938407,24.445661100465372,28.49712565015056,8.075554338899535
STATEWIDE,2018,3,2018-03,16,3977,303,1847,1002,1128,46.44204174000503,25.194870505406087,28.363087754588886,7.618808146844355
STATEWIDE,2018,4,2018-04,17,3947,280,1842,954,1151,46.6683557131999,24.170255890549786,29.161388396250317,7.0939954395743605
STATEWIDE,2018,5,2018-05,18,4180,328,1993,967,1220,47.67942583732057,23.13397129186603,29.1866028708134,7.84688995215311
STATEWIDE,2018,6,2018-06,19,4260,372,2048,965,1247,48.075117370892016,22.652582159624412,29.272300469483568,8.732394366197184
STATEWIDE,2018,7,2018-07,20,4408,360,2029,1045,1334,46.02994555353902,23.70689655172414,30.263157894736842,8.166969147005444
STATEWIDE,2018,8,2018-08,21,4050,291,1880,924,1246,46.41975308641975,22.814814814814813,30.765432098765434,7.185185185185185
STATEWIDE,2018,9,2018-09,22,4144,355,1999,922,1223,48.238416988416986,22.24903474903475,29.51254826254826,8.566602316602317
STATEWIDE,2018,10,2018-10,23,4172,334,1969,901,1302,47.195589645254074,21.596356663470758,31.20805369127517,8.00575263662512
STATEWIDE,2018,11,2018-11,24,3751,317,1664,856,1231,44.361503599040255,22.82058117835244,32.817915222607304,8.45107971207678
STATEWIDE,2018,12,2018-12,25,3899,336,1751,932,1216,44.90895101308028,23.903565016670942,31.18748397024878,8.617594254937163
Saint Mary,2016,1,2016-01,-10,54,6,21,28,5,38.888888888888886,51.851851851851855,9.25925925925926,11.11111111111111
Saint Mary,2016,2,2016-02,-9,56,5,28,24,4,50.0,42.857142857142854,7.142857142857143,8.928571428571429
Saint Mary,2016,3,2016-03,-8,60,7,29,26,5,48.333333333333336,43.333333333333336,8.333333333333334,11.666666666666666
Saint Mary,2016,4,2016-04,-7,75,5,38,32,5,50.666666666666664,42.666666666666664,6.666666666666667,6.666666666666667
Saint Mary,2016,5,2016-05,-6,77,5,31,36,10,40.25974025974026,46.753246753246756,12.987012987012987,6.4935064935064934
Saint Mary,2016,6,2016-06,-5,64,5,26,28,10,40.625,43.75,15.625,7.8125
Saint Mary,2016,7,2016-07,-4,62,9,22,29,11,35.483870967741936,46.774193548387096,17.741935483870968,14.516129032258064
Saint Mary,2016,8,2016-08,-3,67,2,32,30,5,47.76119402985075,44.776119402985074,7.462686567164179,2.985074626865672
Saint Mary,2016,9,2016-09,-2,67,5,26,35,6,38.80597014925373,52.23880597014925,8.955223880597014,7.462686567164179
Saint Mary,2016,10,2016-10,-1,61,6,22,34,5,36.0655737704918,55.73770491803279,8.19672131147541,9.836065573770492
Saint Mary,2016,11,2016-11,0,65,8,33,24,8,50.76923076923077,36.92307692307692,12.307692307692308,12.307692307692308
Saint Mary,2016,12,2016-12,1,67,5,39,23,5,58.208955223880594,34.32835820895522,7.462686567164179,7.462686567164179
Saint Mary,2017,1,2017-01,2,72,10,29,34,9,40.27777777777778,47.22222222222222,12.5,13.88888888888889
Saint Mary,2017,2,2017-02,3,58,5,29,22,7,50.0,37.93103448275862,12.068965517241379,8.620689655172415
Saint Mary,2017,3,2017-03,4,66,8,35,17,14,53.03030303030303,25.757575757575758,21.21212121212121,12.121212121212121
Saint Mary,2017,4,2017-04,5,61,4,28,22,11,45.90163934426229,36.0655737704918,18.0327868852459,6.557377049180328
Saint Mary,2017,5,2017-05,6,70,2,38,24,8,54.285714285714285,34.285714285714285,11.428571428571429,2.857142857142857
Saint Mary,2017,6,2017-06,7,60,6,46,7,7,76.66666666666667,11.666666666666666,11.666666666666666,10.0
Saint Mary,2017,7,2017-07,8,71,9,48,6,17,67.6056338028169,8.450704225352112,23.943661971830984,12.67605633802817
Saint Mary,2017,8,2017-08,9,66,9,35,9,22,53.03030303030303,13.636363636363637,33.333333333333336,13.636363636363637
Saint Mary,2017,9,2017-09,10,53,3,34,8,11,64.15094339622641,15.09433962264151,20.754716981132077,5.660377358490566
Saint Mary,2017,10,2017-10,11,49,4,35,6,8,71.42857142857143,12.244897959183673,16.3265306122449,8.16326530612245
Saint Mary,2017,11,2017-11,12,47,6,30,5,12,63.829787234042556,10.638297872340425,25.53191489361702,12.76595744680851
Saint Mary,2017,12,2017-12,13,34,5,16,8,10,47.05882352941177,23.529411764705884,29.41176470588235,14.705882352941176
Saint Mary,2018,1,2018-01,14,52,5,33,7,12,63.46153846153846,13.461538461538462,23.076923076923077,9.615384615384615
Saint Mary,2018,2,2018-02,15,47,6,23,2,22,48.93617021276596,4.25531914893617,46.808510638297875,12.76595744680851
Saint Mary,2018,3,2018-03,16,35,1,21,4,10,60.0,11.428571428571429,28.571428571428573,2.857142857142857
Saint Mary,2018,4,2018-04,17,54,5,29,2,23,53.7037037037037,3.7037037037037037,42.592592592592595,9.25925925925926
Saint Mary,2018,5,2018-05,18,65,5,40,10,15,61.53846153846154,15.384615384615385,23.076923076923077,7.6923076923076925
Saint Mary,2018,6,2018-06,19,53,7,28,4,21,52.83018867924528,7.547169811320755,39.62264150943396,13.20754716981132
Saint Mary,2018,7,2018-07,20,28,2,12,4,12,42.857142857142854,14.285714285714286,42.857142857142854,7.142857142857143
Saint Mary,2018,8,2018-08,21,45,7,19,5,21,42.22222222222222,11.11111111111111,46.666666666666664,15.555555555555555
Saint Mary,2018,9,2018-09,22,48,6,22,4,22,45.833333333333336,8.333333333333334,45.833333333333336,12.5
Saint Mary,2018,10,2018-10,23,46,3,25,4,17,54.34782608695652,8.695652173913043,36.95652173913044,6.521739130434782
Saint Mary,2018,11,2018-11,24,52,2,31,4,17,59.61538461538461,7.6923076923076925,32.69230769230769,3.8461538461538463
Saint Mary,2018,12,2018-12,25,44,4,20,6,18,45.45454545454545,13.636363636363637,40.90909090909091,9.090909090909092
Somerset,2016,1,2016-01,-10,25,2,4,18,3,16.0,72.0,12.0,8.0
Somerset,2016,2,2016-02,-9,19,4,0,16,3,0.0,84.21052631578948,15.789473684210526,21.05263157894737
Somerset,2016,3,2016-03,-8,20,4,1,15,4,5.0,75.0,20.0,20.0
Somerset,2016,4,2016-04,-7,16,1,1,12,3,6.25,75.0,18.75,6.25
Somerset,2016,5,2016-05,-6,21,1,2,17,2,9.523809523809524,80.95238095238095,9.523809523809524,4.761904761904762
Somerset,2016,6,2016-06,-5,28,4,1,24,3,3.5714285714285716,85.71428571428571,10.714285714285714,14.285714285714286
Somerset,2016,7,2016-07,-4,20,5,0,18,2,0.0,90.0,10.0,25.0
Somerset,2016,8,2016-08,-3,27,6,2,24,1,7.407407407407407,88.88888888888889,3.7037037037037037,22.22222222222222
Somerset,2016,9,2016-09,-2,29,2,3,24,2,10.344827586206897,82.75862068965517,6.896551724137931,6.896551724137931
Somerset,2016,10,2016-10,-1,27,0,4,20,3,14.814814814814815,74.07407407407408,11.11111111111111,0.0
Somerset,2016,11,2016-11,0,23,2,3,16,4,13.043478260869565,69.56521739130434,17.391304347826086,8.695652173913043
Somerset,2016,12,2016-12,1,12,0,2,3,7,16.666666666666668,25.0,58.333333333333336,0.0
Somerset,2017,1,2017-01,2,10,2,1,9,0,10.0,90.0,0.0,20.0
Somerset,2017,2,2017-02,3,18,0,5,10,3,27.77777777777778,55.55555555555556,16.666666666666668,0.0
Somerset,2017,3,2017-03,4,10,2,2,6,2,20.0,60.0,20.0,20.0
Somerset,2017,4,2017-04,5,18,5,1,10,7,5.555555555555555,55.55555555555556,38.888888888888886,27.77777777777778
Somerset,2017,5,2017-05,6,37,8,11,22,4,29.72972972972973,59.45945945945946,10.81081081081081,21.62162162162162
Somerset,2017,6,2017-06,7,13,3,0,8,5,0.0,61.53846153846154,38.46153846153846,23.076923076923077
Somerset,2017,7,2017-07,8,13,0,3,5,5,23.076923076923077,38.46153846153846,38.46153846153846,0.0
Somerset,2017,8,2017-08,9,21,2,5,7,9,23.80952380952381,33.333333333333336,42.857142857142854,9.523809523809524
Somerset,2017,9,2017-09,10,14,1,3,4,7,21.428571428571427,28.571428571428573,50.0,7.142857142857143
Somerset,2017,10,2017-10,11,19,1,5,7,7,26.31578947368421,36.8421052631579,36.8421052631579,5.2631578947368425
Somerset,2017,11,2017-11,12,19,2,7,7,5,36.8421052631579,36.8421052631579,26.31578947368421,10.526315789473685
Somerset,2017,12,2017-12,13,15,1,2,2,11,13.333333333333334,13.333333333333334,73.33333333333333,6.666666666666667
Somerset,2018,1,2018-01,14,7,1,2,1,4,28.571428571428573,14.285714285714286,57.142857142857146,14.285714285714286
Somerset,2018,2,2018-02,15,17,1,2,4,11,11.764705882352942,23.529411764705884,64.70588235294117,5.882352941176471
Somerset,2018,3,2018-03,16,16,1,2,3,11,12.5,18.75,68.75,6.25
Somerset,2018,4,2018-04,17,17,1,2,8,7,11.764705882352942,47.05882352941177,41.1764705882353,5.882352941176471
Somerset,2018,5,2018-05,18,22,7,8,4,10,36.36363636363637,18.181818181818183,45.45454545454545,31.818181818181817
Somerset,2018,6,2018-06,19,17,3,4,2,11,23.529411764705884,11.764705882352942,64.70588235294117,17.647058823529413
Somerset,2018,7,2018-07,20,23,3,6,4,13,26.08695652173913,17.391304347826086,56.52173913043478,13.043478260869565
Somerset,2018,8,2018-08,21,19,0,8,2,9,42.10526315789474,10.526315789473685,47.36842105263158,0.0
Somerset,2018,9,2018-09,22,19,4,4,2,13,21.05263157894737,10.526315789473685,68.42105263157895,21.05263157894737
Somerset,2018,10,2018-10,23,20,2,5,3,12,25.0,15.0,60.0,10.0
Somerset,2018,11,2018-11,24,25,7,9,1,15,36.0,4.0,60.0,28.0
Somerset,2018,12,2018-12,25,16,2,5,3,8,31.25,18.75,50.0,12.5
Talbot,2016,1,2016-01,-10,31,4,13,17,1,41.935483870967744,54.83870967741935,3.225806451612903,12.903225806451612
Talbot,2016,2,2016-02,-9,32,5,6,25,1,18.75,78.125,3.125,15.625
Talbot,2016,3,2016-03,-8,37,7,1,35,1,2.7027027027027026,94.5945945945946,2.7027027027027026,18.91891891891892
Talbot,2016,4,2016-04,-7,41,7,17,24,0,41.46341463414634,58.53658536585366,0.0,17.073170731707318
Talbot,2016,5,2016-05,-6,50,5,10,38,2,20.0,76.0,4.0,10.0
Talbot,2016,6,2016-06,-5,25,2,7,17,1,28.0,68.0,4.0,8.0
Talbot,2016,7,2016-07,-4,34,9,14,18,2,41.1764705882353,52.94117647058823,5.882352941176471,26.470588235294116
Talbot,2016,8,2016-08,-3,27,2,12,11,4,44.44444444444444,40.74074074074074,14.814814814814815,7.407407407407407
Talbot,2016,9,2016-09,-2,33,4,15,10,8,45.45454545454545,30.303030303030305,24.242424242424242,12.121212121212121
Talbot,2016,10,2016-10,-1,23,4,9,7,7,39.130434782608695,30.434782608695652,30.434782608695652,17.391304347826086
Talbot,2016,11,2016-11,0,24,0,7,9,8,29.166666666666668,37.5,33.333333333333336,0.0
Talbot,2016,12,2016-12,1,27,2,14,1,12,51.851851851851855,3.7037037037037037,44.44444444444444,7.407407407407407
Talbot,2017,1,2017-01,2,29,2,9,7,13,31.03448275862069,24.137931034482758,44.827586206896555,6.896551724137931
Talbot,2017,2,2017-02,3,18,5,8,5,5,44.44444444444444,27.77777777777778,27.77777777777778,27.77777777777778
Talbot,2017,3,2017-03,4,33,2,16,2,15,48.484848484848484,6.0606060606060606,45.45454545454545,6.0606060606060606
Talbot,2017,4,2017-04,5,27,6,12,2,13,44.44444444444444,7.407407407407407,48.148148148148145,22.22222222222222
Talbot,2017,5,2017-05,6,38,2,17,5,16,44.73684210526316,13.157894736842104,42.10526315789474,5.2631578947368425
Talbot,2017,6,2017-06,7,40,4,24,4,12,60.0,10.0,30.0,10.0
Talbot,2017,7,2017-07,8,23,5,15,2,6,65.21739130434783,8.695652173913043,26.08695652173913,21.73913043478261
Talbot,2017,8,2017-08,9,36,2,17,6,13,47.22222222222222,16.666666666666668,36.111111111111114,5.555555555555555
Talbot,2017,9,2017-09,10,32,7,11,5,16,34.375,15.625,50.0,21.875
Talbot,2017,10,2017-10,11,35,5,12,3,20,34.285714285714285,8.571428571428571,57.142857142857146,14.285714285714286
Talbot,2017,11,2017-11,12,24,2,13,2,9,54.166666666666664,8.333333333333334,37.5,8.333333333333334
Talbot,2017,12,2017-12,13,36,1,11,1,24,30.555555555555557,2.7777777777777777,66.66666666666667,2.7777777777777777
Talbot,2018,1,2018-01,14,21,0,12,4,5,57.142857142857146,19.047619047619047,23.80952380952381,0.0
Talbot,2018,2,2018-02,15,29,4,12,3,14,41.37931034482759,10.344827586206897,48.275862068965516,13.793103448275861
Talbot,2018,3,2018-03,16,30,1,12,2,16,40.0,6.666666666666667,53.333333333333336,3.3333333333333335
Talbot,2018,4,2018-04,17,29,0,13,3,13,44.827586206896555,10.344827586206897,44.827586206896555,0.0
Talbot,2018,5,2018-05,18,18,0,8,1,9,44.44444444444444,5.555555555555555,50.0,0.0
Talbot,2018,6,2018-06,19,34,3,16,0,18,47.05882352941177,0.0,52.94117647058823,8.823529411764707
Talbot,2018,7,2018-07,20,29,1,16,5,8,55.172413793103445,17.24137931034483,27.586206896551722,3.4482758620689653
Talbot,2018,8,2018-08,21,39,2,14,5,20,35.8974358974359,12.820512820512821,51.282051282051285,5.128205128205129
Talbot,2018,9,2018-09,22,25,2,13,2,10,52.0,8.0,40.0,8.0
Talbot,2018,10,2018-10,23,16,0,8,1,7,50.0,6.25,43.75,0.0
Talbot,2018,11,2018-11,24,29,0,17,1,11,58.62068965517241,3.4482758620689653,37.93103448275862,0.0
Talbot,2018,12,2018-12,25,26,1,16,2,8,61.53846153846154,7.6923076923076925,30.76923076923077,3.8461538461538463
Washington,2016,1,2016-01,-10,115,18,43,56,16,37.391304347826086,48.69565217391305,13.91304347826087,15.652173913043478
Washington,2016,2,2016-02,-9,101,10,31,45,25,30.693069306930692,44.554455445544555,24.752475247524753,9.900990099009901
Washington,2016,3,2016-03,-8,138,18,50,70,18,36.231884057971016,50.72463768115942,13.043478260869565,13.043478260869565
Washington,2016,4,2016-04,-7,143,15,54,65,24,37.76223776223776,45.45454545454545,16.783216783216783,10.48951048951049
Washington,2016,5,2016-05,-6,120,15,41,57,22,34.166666666666664,47.5,18.333333333333332,12.5
Washington,2016,6,2016-06,-5,107,17,40,51,16,37.38317757009346,47.66355140186916,14.953271028037383,15.88785046728972
Washington,2016,7,2016-07,-4,131,26,42,64,25,32.06106870229008,48.85496183206107,19.083969465648856,19.84732824427481
Washington,2016,8,2016-08,-3,133,16,38,68,27,28.571428571428573,51.12781954887218,20.30075187969925,12.030075187969924
Washington,2016,9,2016-09,-2,139,23,40,79,20,28.776978417266186,56.83453237410072,14.388489208633093,16.546762589928058
Washington,2016,10,2016-10,-1,121,13,37,46,38,30.578512396694215,38.01652892561984,31.40495867768595,10.743801652892563
Washington,2016,11,2016-11,0,105,11,42,21,42,40.0,20.0,40.0,10.476190476190476
Washington,2016,12,2016-12,1,94,14,34,18,42,36.170212765957444,19.148936170212767,44.680851063829785,14.893617021276595
Washington,2017,1,2017-01,2,121,22,47,38,36,38.84297520661157,31.40495867768595,29.75206611570248,18.181818181818183
Washington,2017,2,2017-02,3,114,20,40,30,44,35.08771929824562,26.31578947368421,38.59649122807018,17.54385964912281
Washington,2017,3,2017-03,4,134,11,61,30,43,45.52238805970149,22.388059701492537,32.08955223880597,8.208955223880597
Washington,2017,4,2017-04,5,115,13,44,24,47,38.26086956521739,20.869565217391305,40.869565217391305,11.304347826086957
Washington,2017,5,2017-05,6,130,16,50,21,59,38.46153846153846,16.153846153846153,45.38461538461539,12.307692307692308
Washington,2017,6,2017-06,7,128,22,52,16,60,40.625,12.5,46.875,17.1875
Washington,2017,7,2017-07,8,128,15,56,16,56,43.75,12.5,43.75,11.71875
Washington,2017,8,2017-08,9,157,16,67,23,67,42.67515923566879,14.64968152866242,42.67515923566879,10.19108280254777
Washington,2017,9,2017-09,10,114,7,67,11,36,58.771929824561404,9.649122807017545,31.57894736842105,6.140350877192983
Washington,2017,10,2017-10,11,135,11,86,11,38,63.7037037037037,8.148148148148149,28.14814814814815,8.148148148148149
Washington,2017,11,2017-11,12,119,9,65,7,47,54.621848739495796,5.882352941176471,39.49579831932773,7.563025210084033
Washington,2017,12,2017-12,13,105,6,58,4,43,55.23809523809524,3.8095238095238093,40.95238095238095,5.714285714285714
Washington,2018,1,2018-01,14,116,10,57,5,54,49.13793103448276,4.310344827586207,46.55172413793103,8.620689655172415
Washington,2018,2,2018-02,15,100,7,60,6,34,60.0,6.0,34.0,7.0
Washington,2018,3,2018-03,16,109,8,68,2,39,62.38532110091743,1.834862385321101,35.77981651376147,7.339449541284404
Washington,2018,4,2018-04,17,146,6,89,8,49,60.95890410958904,5.47945205479452,33.56164383561644,4.109589041095891
Washington,2018,5,2018-05,18,154,15,87,6,61,56.493506493506494,3.896103896103896,39.61038961038961,9.74025974025974
Washington,2018,6,2018-06,19,138,12,74,7,57,53.6231884057971,5.072463768115942,41.30434782608695,8.695652173913043
Washington,2018,7,2018-07,20,143,11,84,6,53,58.74125874125874,4.195804195804196,37.06293706293706,7.6923076923076925
Washington,2018,8,2018-08,21,117,8,60,4,53,51.282051282051285,3.4188034188034186,45.2991452991453,6.837606837606837
Washington,2018,9,2018-09,22,114,6,70,5,39,61.40350877192982,4.385964912280702,34.21052631578947,5.2631578947368425
Washington,2018,10,2018-10,23,127,6,63,5,59,49.60629921259842,3.937007874015748,46.45669291338583,4.724409448818897
Washington,2018,11,2018-11,24,112,7,63,5,44,56.25,4.464285714285714,39.285714285714285,6.25
Washington,2018,12,2018-12,25,105,7,62,7,36,59.04761904761905,6.666666666666667,34.285714285714285,6.666666666666667
Wicomico,2016,1,2016-01,-10,163,15,39,101,23,23.926380368098158,61.96319018404908,14.110429447852761,9.202453987730062
Wicomico,2016,2,2016-02,-9,133,16,47,78,8,35.338345864661655,58.64661654135338,6.015037593984962,12.030075187969924
Wicomico,2016,3,2016-03,-8,180,17,47,113,20,26.11111111111111,62.77777777777778,11.11111111111111,9.444444444444445
Wicomico,2016,4,2016-04,-7,163,20,55,87,21,33.74233128834356,53.374233128834355,12.883435582822086,12.269938650306749
Wicomico,2016,5,2016-05,-6,156,21,39,98,19,25.0,62.82051282051282,12.179487179487179,13.461538461538462
Wicomico,2016,6,2016-06,-5,157,17,41,105,11,26.11464968152866,66.87898089171975,7.006369426751593,10.828025477707007
Wicomico,2016,7,2016-07,-4,162,13,49,98,15,30.246913580246915,60.49382716049383,9.25925925925926,8.024691358024691
Wicomico,2016,8,2016-08,-3,158,20,47,90,21,29.746835443037973,56.962025316455694,13.291139240506329,12.658227848101266
Wicomico,2016,9,2016-09,-2,149,17,43,99,7,28.859060402684563,66.44295302013423,4.697986577181208,11.409395973154362
Wicomico,2016,10,2016-10,-1,122,14,35,71,16,28.688524590163933,58.19672131147541,13.114754098360656,11.475409836065573
Wicomico,2016,11,2016-11,0,140,17,53,61,26,37.857142857142854,43.57142857142857,18.571428571428573,12.142857142857142
Wicomico,2016,12,2016-12,1,103,8,45,36,22,43.689320388349515,34.95145631067961,21.359223300970875,7.766990291262136
Wicomico,2017,1,2017-01,2,90,8,40,24,26,44.44444444444444,26.666666666666668,28.88888888888889,8.88888888888889
Wicomico,2017,2,2017-02,3,107,7,42,27,38,39.25233644859813,25.233644859813083,35.51401869158879,6.542056074766355
Wicomico,2017,3,2017-03,4,113,10,39,43,31,34.51327433628319,38.05309734513274,27.43362831858407,8.849557522123893
Wicomico,2017,4,2017-04,5,140,14,62,58,20,44.285714285714285,41.42857142857143,14.285714285714286,10.0
Wicomico,2017,5,2017-05,6,119,13,51,38,30,42.857142857142854,31.932773109243698,25.210084033613445,10.92436974789916
Wicomico,2017,6,2017-06,7,119,14,62,28,29,52.10084033613445,23.529411764705884,24.369747899159663,11.764705882352942
Wicomico,2017,7,2017-07,8,157,19,86,39,32,54.77707006369427,24.840764331210192,20.38216560509554,12.101910828025478
Wicomico,2017,8,2017-08,9,130,13,46,35,49,35.38461538461539,26.923076923076923,37.69230769230769,10.0
Wicomico,2017,9,2017-09,10,155,13,66,24,65,42.58064516129032,15.483870967741936,41.935483870967744,8.387096774193548
Wicomico,2017,10,2017-10,11,108,13,54,17,37,50.0,15.74074074074074,34.25925925925926,12.037037037037036
Wicomico,2017,11,2017-11,12,94,5,45,14,35,47.87234042553192,14.893617021276595,37.234042553191486,5.319148936170213
Wicomico,2017,12,2017-12,13,98,15,51,14,33,52.04081632653061,14.285714285714286,33.673469387755105,15.306122448979592
Wicomico,2018,1,2018-01,14,102,6,50,14,38,49.01960784313726,13.72549019607843,37.254901960784316,5.882352941176471
Wicomico,2018,2,2018-02,15,106,6,51,18,37,48.113207547169814,16.9811320754717,34.905660377358494,5.660377358490566
Wicomico,2018,3,2018-03,16,104,12,55,12,37,52.88461538461539,11.538461538461538,35.57692307692308,11.538461538461538
Wicomico,2018,4,2018-04,17,110,7,47,19,44,42.72727272727273,17.272727272727273,40.0,6.363636363636363
Wicomico,2018,5,2018-05,18,119,15,49,17,53,41.1764705882353,14.285714285714286,44.53781512605042,12.605042016806722
Wicomico,2018,6,2018-06,19,113,15,51,21,41,45.13274336283186,18.58407079646018,36.283185840707965,13.274336283185841
Wicomico,2018,7,2018-07,20,119,12,56,15,48,47.05882352941177,12.605042016806722,40.33613445378151,10.084033613445378
Wicomico,2018,8,2018-08,21,110,13,53,18,39,48.18181818181818,16.363636363636363,35.45454545454545,11.818181818181818
Wicomico,2018,9,2018-09,22,117,11,58,13,46,49.572649572649574,11.11111111111111,39.31623931623932,9.401709401709402
Wicomico,2018,10,2018-10,23,115,17,43,13,59,37.391304347826086,11.304347826086957,51.30434782608695,14.782608695652174
Wicomico,2018,11,2018-11,24,88,6,44,6,38,50.0,6.818181818181818,43.18181818181818,6.818181818181818
Wicomico,2018,12,2018-12,25,95,11,45,13,37,47.36842105263158,13.68421052631579,38.94736842105263,11.578947368421053
Worcester,2016,1,2016-01,-10,61,2,23,35,3,37.704918032786885,57.377049180327866,4.918032786885246,3.278688524590164
Worcester,2016,2,2016-02,-9,74,6,33,30,11,44.5945945945946,40.54054054054054,14.864864864864865,8.108108108108109
Worcester,2016,3,2016-03,-8,81,12,30,44,7,37.03703703703704,54.32098765432099,8.641975308641975,14.814814814814815
Worcester,2016,4,2016-04,-7,67,6,33,26,8,49.25373134328358,38.80597014925373,11.940298507462687,8.955223880597014
Worcester,2016,5,2016-05,-6,144,12,74,59,11,51.388888888888886,40.97222222222222,7.638888888888889,8.333333333333334
Worcester,2016,6,2016-06,-5,341,11,207,119,15,60.70381231671554,34.89736070381232,4.39882697947214,3.225806451612903
Worcester,2016,7,2016-07,-4,320,14,189,115,16,59.0625,35.9375,5.0,4.375
Worcester,2016,8,2016-08,-3,234,12,144,80,10,61.53846153846154,34.18803418803419,4.273504273504273,5.128205128205129
Worcester,2016,9,2016-09,-2,125,5,64,42,19,51.2,33.6,15.2,4.0
Worcester,2016,10,2016-10,-1,82,2,48,26,8,58.53658536585366,31.70731707317073,9.75609756097561,2.4390243902439024
Worcester,2016,11,2016-11,0,47,5,21,19,7,44.680851063829785,40.42553191489362,14.893617021276595,10.638297872340425
Worcester,2016,12,2016-12,1,40,4,15,19,6,37.5,47.5,15.0,10.0
Worcester,2017,1,2017-01,2,65,9,31,25,9,47.69230769230769,38.46153846153846,13.846153846153847,13.846153846153847
Worcester,2017,2,2017-02,3,47,2,24,14,9,51.06382978723404,29.78723404255319,19.148936170212767,4.25531914893617
Worcester,2017,3,2017-03,4,79,8,45,23,11,56.962025316455694,29.11392405063291,13.924050632911392,10.126582278481013
Worcester,2017,4,2017-04,5,74,3,37,24,13,50.0,32.432432432432435,17.56756756756757,4.054054054054054
Worcester,2017,5,2017-05,6,162,7,99,48,15,61.111111111111114,29.62962962962963,9.25925925925926,4.320987654320987
Worcester,2017,6,2017-06,7,343,18,241,67,35,70.26239067055394,19.533527696793,10.204081632653061,5.247813411078718
Worcester,2017,7,2017-07,8,341,18,246,54,41,72.14076246334311,15.835777126099707,12.023460410557185,5.278592375366569
Worcester,2017,8,2017-08,9,218,19,131,67,20,60.091743119266056,30.73394495412844,9.174311926605505,8.715596330275229
Worcester,2017,9,2017-09,10,170,8,119,33,18,70.0,19.41176470588235,10.588235294117647,4.705882352941177
Worcester,2017,10,2017-10,11,88,7,51,22,15,57.95454545454545,25.0,17.045454545454547,7.954545454545454
Worcester,2017,11,2017-11,12,54,4,26,12,16,48.148148148148145,22.22222222222222,29.62962962962963,7.407407407407407
Worcester,2017,12,2017-12,13,54,4,26,20,8,48.148148148148145,37.03703703703704,14.814814814814815,7.407407407407407
Worcester,2018,1,2018-01,14,64,1,28,15,21,43.75,23.4375,32.8125,1.5625
Worcester,2018,2,2018-02,15,46,2,28,10,8,60.869565217391305,21.73913043478261,17.391304347826086,4.3478260869565215
Worcester,2018,3,2018-03,16,73,2,42,20,11,57.534246575342465,27.397260273972602,15.068493150684931,2.73972602739726
Worcester,2018,4,2018-04,17,60,1,28,19,13,46.666666666666664,31.666666666666668,21.666666666666668,1.6666666666666667
Worcester,2018,5,2018-05,18,161,1,109,29,23,67.70186335403727,18.012422360248447,14.285714285714286,0.6211180124223602
Worcester,2018,6,2018-06,19,354,5,270,54,30,76.27118644067797,15.254237288135593,8.474576271186441,1.4124293785310735
Worcester,2018,7,2018-07,20,262,2,192,46,24,73.2824427480916,17.557251908396946,9.16030534351145,0.7633587786259542
Worcester,2018,8,2018-08,21,193,4,133,41,19,68.9119170984456,21.243523316062177,9.844559585492227,2.0725388601036268
Worcester,2018,9,2018-09,22,151,3,119,18,14,78.80794701986756,11.920529801324504,9.271523178807946,1.9867549668874172
Worcester,2018,10,2018-10,23,78,4,41,16,21,52.56410256410256,20.512820512820515,26.923076923076923,5.128205128205129
Worcester,2018,11,2018-11,24,48,3,31,9,8,64.58333333333333,18.75,16.666666666666668,6.25
Worcester,2018,12,2018-12,25,47,1,30,9,8,63.829787234042556,19.148936170212767,17.02127659574468,2.127659574468085
