state,year,property_all,property_burglary,property_larceny,property_motor
Delaware,2015,2691.0,504.6,2061.6,124.9
Delaware,2016,2766.0,527.6,2078.7,159.7
Delaware,2017,2440.6,412.7,1885.6,142.3
Delaware,2018,2324.4,326.5,1845.3,152.6
Delaware,2019,2252.2,304.8,1782.7,164.7
Maryland,2015,2315.0,427.5,1668.5,218.9
Maryland,2016,2284.5,410.4,1677.4,196.7
Maryland,2017,2222.3,388.4,1609.7,224.2
Maryland,2018,2033.3,312.6,1519.8,200.9
Maryland,2019,1950.2,278.9,1485.0,186.2
Pennsylvania,2015,1812.8,309.8,1408.2,94.8
Pennsylvania,2016,1742.7,277.8,1362.8,102.1
Pennsylvania,2017,1649.4,250.3,1297.7,101.4
Pennsylvania,2018,1489.9,211.6,1175.9,102.4
Pennsylvania,2019,1403.4,182.4,1124.2,96.8
Virginia,2015,1866.5,254.6,1515.2,96.8
Virginia,2016,1859.4,238.0,1505.1,116.4
Virginia,2017,1792.9,218.0,1454.7,120.1
Virginia,2018,1665.8,182.8,1356.4,126.5
Virginia,2019,1642.7,162.8,1359.5,120.3
